標準地番号,標準地の地積,合計価格,間口,奥行,標準地の利用,構造_1
あきる野,109,91124000,1.2,1.0,住宅,W
あきる野,325,193700000,1.5,1.0,住宅,W
あきる野,196,136416000,1.0,1.0,住宅,W
あきる野,121,79981000,1.0,1.2,住宅,W
あきる野,119,82705000,1.0,1.2,住宅,W
あきる野,220,47960000,1.0,1.2,店舗、事務所兼住宅,S
あきる野,163,24287000,1.0,1.5,住宅,W
あきる野,135,69525000,1.0,1.5,住宅,W
あきる野,120,12720000,1.0,1.5,住宅,W
あきる野,207,23391000,1.0,1.5,店舗、事務所兼住宅,S
あきる野,134,16884000,1.0,2.0,住宅,W
あきる野,132,115368000,1.0,2.0,住宅,W
三鷹,115,56465000,1.5,1.0,住宅,W
三鷹,183,96441000,1.0,1.0,住宅,W
三鷹,154,85624000,1.0,1.0,住宅,W
三鷹,207,89010000,1.0,1.0,住宅,W
三鷹,107,33063000,1.0,1.0,住宅,W
三鷹,175,74725000,1.0,1.0,共同住宅,W
三鷹,100,40000000,1.0,1.0,店舗、住宅兼車庫,RC
三鷹,113,38533000,1.0,1.2,住宅,W
三鷹,141,46248000,1.0,1.2,住宅,RC
三鷹,201,84018000,1.0,1.2,共同住宅,SRC
三鷹,260,118040000,1.0,1.2,共同住宅,RC
三鷹,100,44200000,1.0,1.5,住宅,W
三鷹,132,50820000,1.0,1.5,住宅,W
三鷹,190,68020000,1.0,1.5,住宅,W
三鷹,110,46420000,1.0,1.5,住宅,W
三鷹,134,56414000,1.0,1.5,共同住宅,W
三鷹,186,60636000,1.0,1.5,住宅,W
三鷹,158,51824000,1.0,1.5,住宅,W
三鷹,114,42522000,1.0,1.5,住宅,W
三鷹,100,31700000,1.0,1.5,住宅,W
三鷹,199,85570000,1.0,1.5,店舗兼住宅,W
三鷹,158,78052000,1.0,1.5,店舗兼共同住宅,RC
三鷹,141,52593000,1.0,2.0,住宅,W
三鷹,127,67056000,1.0,2.0,住宅,S
三鷹,144,141120000,1.0,2.0,店舗兼共同住宅,RC
三鷹,189,192780000,1.0,2.0,店舗兼共同住宅,RC
三鷹,220,84480000,1.0,2.0,事務所兼共同住宅,S
三鷹,65,34255000,1.0,2.0,店舗、事務所兼住宅,RC
世田谷,184,139656000,1.2,1.0,住宅,W
世田谷,997,714849000,1.2,1.0,共同住宅,RC
世田谷,126,76230000,1.2,1.0,住宅,W
世田谷,135,99900000,1.2,1.0,住宅,W
世田谷,198,107316000,1.2,1.0,住宅,W
世田谷,1173,699108000,1.2,1.0,共同住宅,RC
世田谷,379,274017000,1.2,1.0,店舗兼共同住宅,RC
世田谷,1273,1196620000,1.5,1.0,共同住宅,RC
世田谷,198,132858000,1.5,1.0,住宅,W
世田谷,143,91949000,1.5,1.0,住宅,W
世田谷,1876,1658384000,1.0,1.0,共同住宅,RC
世田谷,165,108570000,1.0,1.0,住宅,W
世田谷,197,109926000,1.0,1.0,住宅,W
世田谷,233,161469000,1.0,1.0,住宅,LS
世田谷,199,129748000,1.0,1.0,住宅,W
世田谷,210,139230000,1.0,1.0,住宅,LS
世田谷,1221,1006104000,1.0,1.0,共同住宅,RC
世田谷,161,100947000,1.0,1.0,共同住宅,LS
世田谷,140,92120000,1.0,1.0,住宅,W
世田谷,128,83200000,1.0,1.0,住宅,W
世田谷,83,56606000,1.0,1.0,住宅,W
世田谷,112,65744000,1.0,1.0,住宅,W
世田谷,294,224322000,1.0,1.0,住宅,RC
世田谷,240,162240000,1.0,1.0,住宅,RC
世田谷,1007,750215000,1.0,1.0,共同住宅,RC
世田谷,204,176460000,1.0,1.0,店舗兼共同住宅,S
世田谷,510,346290000,1.0,1.0,店舗兼共同住宅,SRC
世田谷,165,106755000,1.0,1.2,住宅,W
世田谷,110,76890000,1.0,1.2,住宅,W
世田谷,162,98820000,1.0,1.2,住宅,LS
世田谷,185,93980000,1.0,1.2,住宅,W
世田谷,159,111141000,1.0,1.2,住宅,W
世田谷,198,130482000,1.0,1.2,共同住宅,RC
世田谷,190,123310000,1.0,1.2,住宅,LS
世田谷,208,141232000,1.0,1.2,住宅,RC
世田谷,102,53754000,1.0,1.2,住宅,LS
世田谷,158,75050000,1.0,1.2,住宅,LS
世田谷,99,70488000,1.0,1.2,住宅,RC
世田谷,209,91333000,1.0,1.2,住宅,W
世田谷,86,54008000,1.0,1.5,住宅,W
世田谷,91,54600000,1.0,1.5,住宅,W
世田谷,197,131990000,1.0,1.5,住宅,W
世田谷,258,199434000,1.0,1.5,共同住宅,RC
世田谷,242,210298000,1.0,1.5,住宅,W
世田谷,162,111942000,1.0,1.5,住宅,W
世田谷,114,67944000,1.0,1.5,住宅,W
世田谷,144,110016000,1.0,1.5,住宅,W
世田谷,159,134196000,1.0,1.5,住宅,W
世田谷,152,122512000,1.0,1.5,共同住宅,LS
世田谷,195,127920000,1.0,1.5,住宅,W
世田谷,231,194040000,1.0,1.5,住宅,RC
世田谷,107,72011000,1.0,1.5,住宅,W
世田谷,166,102422000,1.0,1.5,住宅,W
世田谷,178,110716000,1.0,1.5,住宅,LS
世田谷,212,131864000,1.0,1.5,住宅,W
世田谷,222,171384000,1.0,1.5,住宅,RC
世田谷,200,130000000,1.0,1.5,住宅,W
世田谷,154,82698000,1.0,1.5,住宅,W
世田谷,151,86523000,1.0,1.5,住宅,S
世田谷,169,124046000,1.0,1.5,住宅,W
世田谷,134,87368000,1.0,1.5,住宅,RC
世田谷,99,69003000,1.0,1.5,住宅,S
世田谷,139,110505000,1.0,1.5,共同住宅,RC
世田谷,175,115500000,1.0,1.5,住宅,W
世田谷,185,108965000,1.0,1.5,住宅,W
世田谷,271,175337000,1.0,1.5,住宅,W
世田谷,332,243688000,1.0,1.5,住宅,W
世田谷,193,143206000,1.0,1.5,住宅,W
世田谷,492,346860000,1.0,1.5,住宅,RC
世田谷,206,152234000,1.0,1.5,住宅,W
世田谷,113,65427000,1.0,1.5,住宅,W
世田谷,155,120280000,1.0,1.5,住宅,W
世田谷,82,64780000,1.0,1.5,店舗兼住宅,S
世田谷,155,108655000,1.0,1.5,店舗兼共同住宅,RC
世田谷,117,94185000,1.0,1.5,店舗兼共同住宅,S
世田谷,222,157620000,1.0,1.5,店舗、事務所兼共同住宅,RC
世田谷,78,57174000,1.0,1.5,店舗兼共同住宅,RC
世田谷,162,100764000,1.0,2.0,住宅,W
世田谷,165,98505000,1.0,2.0,住宅,LS
世田谷,225,140400000,1.0,2.0,住宅,RC
世田谷,289,235535000,1.0,2.0,住宅,W
世田谷,171,121923000,1.0,2.0,住宅,W
世田谷,316,214248000,1.0,2.0,住宅,RC
世田谷,125,71875000,1.0,2.0,住宅,W
世田谷,90,45000000,1.0,2.0,住宅,W
世田谷,204,133212000,1.0,2.0,住宅,W
世田谷,189,144396000,1.0,2.0,住宅,W
世田谷,162,99144000,1.0,2.0,住宅,RC
世田谷,181,149144000,1.0,2.0,住宅,W
世田谷,74,52170000,1.0,2.0,診療所兼住宅,S
世田谷,210,115500000,1.0,2.0,住宅,W
世田谷,191,154710000,1.0,2.0,住宅,W
世田谷,91,60151000,1.0,2.0,店舗兼共同住宅,RC
世田谷,82,60844000,1.0,2.0,店舗兼共同住宅,S
世田谷,149,114283000,1.0,2.0,店舗、共同住宅兼倉庫,S
世田谷,422,285694000,1.0,2.0,店舗兼共同住宅,RC
世田谷,175,120400000,1.0,2.5,住宅,W
世田谷,89,69420000,1.0,2.5,住宅,W
世田谷,161,120750000,1.0,2.5,住宅,W
世田谷,133,96691000,1.0,3.0,住宅,W
世田谷,63,62181000,1.0,3.0,店舗兼住宅,S
世田谷,90,74160000,1.0,3.0,店舗兼共同住宅,S
世田谷,135,122445000,1.0,3.0,店舗兼住宅,RC
世田谷,115,89125000,1.0,3.0,店舗、事務所兼住宅,SRC
中央,799,1078650000,1.2,1.0,共同住宅兼店舗,SRC
中央,4158,4532220000,1.2,1.0,共同住宅兼駐車場,SRC
中央,162,231660000,1.2,1.0,店舗、事務所兼住宅,SRC
中央,195,460200000,1.5,1.0,店舗、事務所兼住宅等,SRC
中央,172,519440000,1.5,1.0,事務所、住宅兼車庫等,SRC
中央,297,873180000,1.5,1.0,店舗、事務所兼共同住宅,SRC
中央,558,742140000,1.0,1.0,共同住宅,RC
中央,717,1448340000,1.0,1.0,共同住宅,RC
中央,225,290250000,1.0,1.2,店舗、事務所兼住宅,RC
中央,82,82000000,1.0,1.5,事務所、作業所兼住宅,RC
中央,471,956130000,1.0,1.5,店舗兼共同住宅,RC
中央,105,593250000,1.0,1.5,店舗、事務所兼住宅等,RC
中央,138,151800000,1.0,1.5,事務所、工場兼住宅,RC
中央,128,157440000,1.0,1.5,事務所、住宅兼車庫,RC
中央,58,47444000,1.0,1.5,店舗兼共同住宅,S
中央,435,743850000,1.0,2.0,診療所、共同住宅兼事務所,RC
中央,59,52510000,1.0,2.0,住宅,LS
中央,742,972020000,1.0,2.0,共同住宅,SRC
中央,880,1135200000,1.0,2.0,共同住宅,SRC
中央,149,439550000,1.0,2.0,店舗、事務所兼住宅,SRC
中央,147,264600000,1.0,2.0,店舗、事務所兼住宅,S
中央,220,1280400000,1.0,2.0,店舗、事務所兼住宅,S
中野,230,184460000,1.2,1.0,住宅,RC
中野,177,207090000,1.2,1.0,店舗兼共同住宅,RC
中野,408,489600000,1.2,1.0,店舗兼共同住宅,RC
中野,183,82899000,1.5,1.0,共同住宅,S
中野,181,86880000,1.0,1.0,住宅,W
中野,218,154126000,1.0,1.0,共同住宅,S
中野,76,40736000,1.0,1.0,住宅,LS
中野,721,742630000,1.0,1.0,共同住宅,RC
中野,168,113904000,1.0,1.0,共同住宅,S
中野,427,909510000,1.0,1.0,店舗兼共同住宅,SRC
中野,142,90880000,1.0,1.0,店舗兼共同住宅,RC
中野,102,62628000,1.0,1.2,住宅,W
中野,200,125400000,1.0,1.2,住宅,W
中野,81,50787000,1.0,1.2,住宅,S
中野,165,111705000,1.0,1.2,住宅,LS
中野,245,140875000,1.0,1.2,住宅,W
中野,170,113900000,1.0,1.5,共同住宅,RC
中野,80,46560000,1.0,1.5,住宅,W
中野,194,125130000,1.0,1.5,住宅兼共同住宅,W
中野,304,258400000,1.0,1.5,共同住宅,S
中野,317,244407000,1.0,1.5,住宅,LS
中野,158,85478000,1.0,1.5,住宅,W
中野,170,142970000,1.0,1.5,店舗兼共同住宅,RC
中野,99,44748000,1.0,2.0,住宅,W
中野,178,100570000,1.0,2.0,共同住宅,LS
中野,167,80327000,1.0,2.0,住宅,W
中野,109,62675000,1.0,2.0,店舗兼共同住宅,RC
中野,119,87346000,1.0,2.0,店舗、事務所兼共同住宅,S
中野,141,124785000,1.0,2.0,店舗兼共同住宅,RC
中野,152,182400000,1.0,2.0,店舗兼共同住宅,S
中野,79,117710000,1.0,2.0,店舗兼住宅,RC
中野,2014,1973720000,1.0,2.5,共同住宅,RC
中野,144,102240000,1.0,3.0,店舗兼住宅,S
中野,108,95904000,1.0,3.0,店舗、事務所兼住宅,RC
中野,132,82368000,1.0,3.0,店舗、事務所兼共同住宅,RC
中野,75,77250000,1.0,3.0,店舗兼共同住宅,RC
佐倉,101,1212000,1.2,1.0,住宅,W
佐倉,175,14000000,1.2,1.0,住宅,W
佐倉,148,50764000,1.5,1.0,住宅,W
佐倉,109,38259000,1.0,1.0,住宅,W
佐倉,162,11016000,1.0,1.0,住宅,W
佐倉,124,60140000,1.0,1.0,住宅,W
佐倉,168,64344000,1.0,1.0,住宅,W
佐倉,157,18055000,1.0,1.0,住宅,LS
佐倉,185,75295000,1.0,1.0,住宅,W
佐倉,184,152168000,1.0,1.2,住宅,W
佐倉,211,78492000,1.0,1.2,住宅,W
佐倉,79,10033000,1.0,1.2,店舗兼住宅,LS
佐倉,181,104799000,1.0,1.5,住宅,LS
佐倉,142,112606000,1.0,1.5,住宅,W
佐倉,239,149614000,1.0,1.5,住宅,W
佐倉,156,121212000,1.0,1.5,住宅,W
佐倉,130,93990000,1.0,1.5,住宅,LS
佐倉,127,91186000,1.0,2.0,住宅,LS
佐倉,102,85374000,1.0,2.0,住宅,W
佐倉,181,75658000,1.0,2.0,住宅,W
佐倉,110,85030000,1.0,2.0,住宅,LS
八丈,586,178730000,1.0,1.2,店舗兼住宅,LS
八千代,220,84480000,1.2,1.0,住宅,W
八千代,1597,233162000,1.0,1.0,住宅,W
八千代,208,27872000,1.0,1.0,住宅,LS
八千代,181,36743000,1.0,1.0,住宅,W
八千代,165,21120000,1.0,1.2,住宅,W
八千代,168,21336000,1.0,1.2,住宅,W
八千代,166,24568000,1.0,1.2,住宅,W
八千代,90,63090000,1.0,1.2,住宅,W
八千代,175,22225000,1.0,1.2,住宅,W
八千代,140,17500000,1.0,1.2,住宅,W
八千代,264,36960000,1.0,1.2,店舗兼共同住宅,S
八千代,100,10900000,1.0,1.5,住宅,W
八千代,150,21600000,1.0,1.5,住宅,W
八千代,178,19224000,1.0,1.5,住宅,LS
八千代,156,19188000,1.0,1.5,住宅,W
八千代,153,18972000,1.0,1.5,住宅,W
八千代,148,18352000,1.0,1.5,住宅,W
八千代,165,52140000,1.0,1.5,店舗兼共同住宅,S
八千代,150,22800000,1.0,2.0,住宅,W
八千代,176,20768000,1.0,2.0,住宅,W
八王子,165,120780000,1.2,1.0,住宅,W
八王子,151,99962000,1.2,1.0,住宅,LS
八王子,118,82364000,1.2,1.0,住宅,W
八王子,102,19176000,1.2,1.0,住宅,W
八王子,346,186840000,1.2,1.0,店舗兼共同住宅,RC
八王子,1,205000,1.2,1.0,店舗兼共同住宅,RC
八王子,144,40608000,1.5,1.0,住宅兼事務所,RC
八王子,161,10626000,1.5,1.0,住宅,W
八王子,132,29700000,1.5,1.0,住宅,W
八王子,165,17160000,1.5,1.0,住宅,W
八王子,204,32640000,1.5,1.0,共同住宅,RC
八王子,150,21150000,1.5,1.0,住宅,W
八王子,202,27270000,1.0,1.0,住宅,W
八王子,240,41040000,1.0,1.0,住宅,W
八王子,230,34730000,1.0,1.0,住宅,W
八王子,130,15600000,1.0,1.0,住宅,W
八王子,165,11055000,1.0,1.0,住宅,LS
八王子,161,12075000,1.0,1.0,住宅,W
八王子,85,6800000,1.0,1.0,住宅,W
八王子,204,21420000,1.0,1.0,住宅,W
八王子,130,83980000,1.0,1.0,住宅,W
八王子,165,12375000,1.0,1.0,住宅,W
八王子,121,22869000,1.0,1.0,住宅,LS
八王子,221,46410000,1.0,1.0,住宅,RC
八王子,276,35052000,1.0,1.0,住宅,W
八王子,191,18527000,1.0,1.0,住宅,W
八王子,248,90272000,1.0,1.0,住宅,W
八王子,205,13530000,1.0,1.0,住宅,W
八王子,329,75012000,1.0,1.0,事務所兼共同住宅,RC
八王子,165,48345000,1.0,1.0,店舗兼共同住宅,RC
八王子,115,17020000,1.0,1.0,店舗兼住宅,W
八王子,165,25410000,1.0,1.0,店舗兼住宅,S
八王子,219,30879000,1.0,1.2,住宅,LS
八王子,213,31950000,1.0,1.2,住宅,W
八王子,165,91575000,1.0,1.2,住宅,W
八王子,174,29058000,1.0,1.2,住宅,LS
八王子,102,15708000,1.0,1.2,住宅,W
八王子,120,21360000,1.0,1.2,店舗兼共同住宅,S
八王子,169,19435000,1.0,1.2,住宅,W
八王子,198,17028000,1.0,1.2,住宅,W
八王子,75,10425000,1.0,1.2,住宅,W
八王子,157,22294000,1.0,1.2,住宅,W
八王子,189,25515000,1.0,1.2,住宅,W
八王子,153,24327000,1.0,1.2,住宅,LS
八王子,226,198428000,1.0,1.2,住宅,W
八王子,251,171935000,1.0,1.2,住宅,W
八王子,154,15862000,1.0,1.2,住宅,W
八王子,157,29516000,1.0,1.2,住宅,W
八王子,196,33320000,1.0,1.2,住宅,W
八王子,170,119680000,1.0,1.2,住宅,LS
八王子,120,14400000,1.0,1.2,住宅,LS
八王子,132,15972000,1.0,1.2,住宅,W
八王子,214,149372000,1.0,1.2,住宅,W
八王子,221,197795000,1.0,1.2,住宅,W
八王子,191,30369000,1.0,1.2,住宅,W
八王子,192,102912000,1.0,1.2,住宅,LS
八王子,148,53280000,1.0,1.2,店舗、事務所兼住宅,S
八王子,218,29866000,1.0,1.5,住宅,W
八王子,179,32757000,1.0,1.5,住宅,W
八王子,176,26048000,1.0,1.5,住宅,W
八王子,138,15456000,1.0,1.5,住宅,W
八王子,166,17928000,1.0,1.5,住宅,W
八王子,132,13860000,1.0,1.5,住宅,W
八王子,105,12600000,1.0,1.5,住宅,W
八王子,199,9552000,1.0,1.5,住宅,LS
八王子,185,28860000,1.0,1.5,住宅,W
八王子,113,15255000,1.0,1.5,住宅,W
八王子,135,21735000,1.0,1.5,住宅,W
八王子,165,14520000,1.0,1.5,住宅,W
八王子,137,75487000,1.0,1.5,住宅,W
八王子,200,120200000,1.0,1.5,住宅,W
八王子,121,19239000,1.0,1.5,住宅,W
八王子,114,15162000,1.0,1.5,住宅,W
八王子,177,32214000,1.0,1.5,店舗兼共同住宅,W
八王子,126,17640000,1.0,1.5,住宅,S
八王子,330,36300000,1.0,1.5,住宅,W
八王子,164,14760000,1.0,1.5,住宅,W
八王子,104,13416000,1.0,1.5,住宅,W
八王子,144,16992000,1.0,1.5,住宅,W
八王子,186,19344000,1.0,1.5,住宅,LS
八王子,83,46978000,1.0,1.5,住宅,W
八王子,281,51704000,1.0,1.5,住宅,W
八王子,153,21726000,1.0,1.5,住宅,LS
八王子,187,25806000,1.0,1.5,住宅,LS
八王子,179,37232000,1.0,1.5,住宅,W
八王子,90,17100000,1.0,2.0,住宅,W
八王子,138,10626000,1.0,2.0,住宅,W
八王子,135,20520000,1.0,2.0,住宅,S
八王子,143,8294000,1.0,2.0,住宅,W
八王子,169,61009000,1.0,2.0,住宅,W
八王子,111,20979000,1.0,2.0,住宅,W
八王子,194,41904000,1.0,2.0,住宅,W
八王子,165,16995000,1.0,2.0,住宅,W
八王子,124,19716000,1.0,2.0,住宅,LS
八王子,466,19106000,1.0,2.0,住宅,W
八王子,100,11100000,1.0,2.0,店舗兼住宅,W
八王子,212,30316000,1.0,2.0,住宅,W
八王子,125,14125000,1.0,2.0,事務所兼共同住宅,S
八王子,269,43578000,1.0,2.0,共同住宅,LS
八王子,213,23430000,1.0,2.0,住宅,LS
八王子,125,17125000,1.0,2.0,住宅,W
八王子,170,33150000,1.0,2.0,住宅,W
八王子,107,42158000,1.0,2.0,店舗、事務所兼住宅,RC
八王子,168,28560000,1.0,2.0,事務所兼共同住宅,S
八王子,198,34650000,1.0,2.0,店舗兼共同住宅,S
八王子,155,24490000,1.0,2.5,住宅,LS
八王子,249,43824000,2.0,1.0,住宅,W
八王子,122,20740000,2.0,1.0,店舗兼住宅,W
北,144,77184000,1.0,1.0,共同住宅,LS
北,190,168150000,1.0,1.0,共同住宅,S
北,142,97270000,1.0,1.0,店舗兼共同住宅,RC
北,187,81719000,1.0,1.2,共同住宅,S
北,111,48174000,1.0,1.2,住宅,W
北,67,29949000,1.0,1.2,住宅,W
北,130,65780000,1.0,1.5,共同住宅,S
北,165,69630000,1.0,1.5,住宅,W
北,105,49560000,1.0,1.5,住宅,W
北,160,92000000,1.0,1.5,住宅,W
北,85,37060000,1.0,1.5,住宅,W
北,146,81322000,1.0,1.5,工場兼住宅,S
北,71,32660000,1.0,1.5,住宅,W
北,132,46992000,1.0,1.5,住宅,W
北,136,72624000,1.0,1.5,住宅兼共同住宅,S
北,109,66926000,1.0,1.5,住宅,W
北,275,204050000,1.0,1.5,事務所、住宅兼倉庫,RC
北,155,93000000,1.0,1.5,店舗兼共同住宅,RC
北,98,68992000,1.0,1.5,事務所兼住宅,RC
北,204,143004000,1.0,1.5,店舗、事務所兼共同住宅,S
北,73,47450000,1.0,1.5,店舗兼共同住宅,S
北,131,125498000,1.0,1.5,店舗兼共同住宅,RC
北,202,93930000,1.0,2.0,共同住宅,LS
北,122,77958000,1.0,2.0,住宅,W
北,127,66675000,1.0,2.0,住宅,W
北,122,49654000,1.0,2.0,共同住宅,LS
北,196,97804000,1.0,2.0,共同住宅,S
北,98,43610000,1.0,2.0,住宅,W
北,95,39045000,1.0,2.0,住宅,W
北,99,45045000,1.0,2.0,店舗兼住宅,S
北,92,55844000,1.0,2.0,店舗兼共同住宅,S
北,150,93300000,1.0,2.0,店舗兼共同住宅,S
北,154,116578000,1.0,2.0,店舗、事務所兼共同住宅,S
北,73,33215000,1.0,2.5,住宅,W
北,105,61635000,1.0,2.5,住宅兼事務所,RC
北,141,63873000,1.0,2.5,共同住宅,S
北,56,66640000,1.0,2.5,店舗兼住宅,S
北,158,156894000,1.0,3.0,店舗、事務所兼共同住宅,RC
千代田,142,222940000,1.2,1.0,共同住宅,RC
千代田,203,306530000,1.2,1.0,事務所兼住宅,RC
千代田,1511,4548110000,1.5,1.0,共同住宅,SRC
千代田,215,526750000,1.5,1.0,店舗、事務所兼住宅,SRC
千代田,535,1091400000,1.0,1.0,共同住宅,RC
千代田,2266,9403900000,1.0,1.0,共同住宅,SRC
千代田,590,1085600000,1.0,1.0,共同住宅,RC
千代田,792,2439360000,1.0,1.2,共同住宅,RC
千代田,246,285360000,1.0,1.2,事務所兼住宅,RC
千代田,231,475860000,1.0,1.2,事務所兼住宅,SRC
千代田,969,3139560000,1.0,1.5,共同住宅,SRC
千代田,226,343520000,1.0,1.5,事務所、店舗兼住宅,RC
千代田,229,888520000,1.0,1.5,事務所、店舗兼住宅等,SRC
千代田,163,865530000,1.0,2.0,店舗、事務所兼住宅,SRC
千代田,79,131140000,1.0,2.0,事務所、住宅兼車庫,S
千代田,46,34638000,1.0,2.0,店舗兼住宅,S
千代田,289,887230000,1.0,2.5,店舗、事務所兼住宅,SRC
千葉中央,165,21120000,1.2,1.0,住宅,W
千葉中央,157,19939000,1.2,1.0,住宅,W
千葉中央,214,20972000,1.2,1.0,住宅,W
千葉中央,152,15656000,1.2,1.0,住宅,W
千葉中央,1015,325815000,1.2,1.0,共同住宅,SRC
千葉中央,161,14812000,1.2,1.0,住宅,W
千葉中央,241,26751000,1.2,1.0,住宅,W
千葉中央,543,139008000,1.2,1.0,事務所兼共同住宅,SRC
千葉中央,172,26660000,1.5,1.0,住宅,LS
千葉中央,182,44226000,1.5,1.0,住宅,W
千葉中央,186,48360000,1.0,1.0,住宅,W
千葉中央,173,19722000,1.0,1.0,住宅,LS
千葉中央,143,20020000,1.0,1.0,住宅,W
千葉中央,145,81925000,1.0,1.0,住宅,W
千葉中央,173,112623000,1.0,1.0,住宅,W
千葉中央,129,16254000,1.0,1.0,住宅,W
千葉中央,352,108768000,1.0,1.0,店舗、事務所兼共同住宅,RC
千葉中央,438,77088000,1.0,1.0,事務所兼共同住宅,RC
千葉中央,138,14352000,1.0,1.2,住宅,LS
千葉中央,120,17640000,1.0,1.2,住宅,W
千葉中央,215,34615000,1.0,1.2,住宅,W
千葉中央,76,50084000,1.0,1.2,住宅,W
千葉中央,108,13392000,1.0,1.5,住宅,W
千葉中央,142,88750000,1.0,1.5,住宅,W
千葉中央,149,23095000,1.0,1.5,住宅,W
千葉中央,115,14835000,1.0,1.5,住宅,W
千葉中央,157,14758000,1.0,1.5,住宅,W
千葉中央,203,130732000,1.0,1.5,住宅,W
千葉中央,150,19350000,1.0,1.5,住宅,W
千葉中央,179,93259000,1.0,1.5,住宅,W
千葉中央,231,51051000,1.0,1.5,店舗、事務所兼共同住宅,SRC
千葉中央,320,91520000,1.0,2.0,住宅,W
千葉中央,181,46698000,1.0,2.0,住宅,LS
千葉中央,177,47259000,1.0,2.0,共同住宅,RC
千葉中央,132,20856000,1.0,2.0,住宅,W
千葉中央,151,44696000,1.0,3.0,店舗兼共同住宅,S
千葉稲毛,191,59210000,1.2,1.0,住宅,LS
千葉稲毛,168,44184000,1.2,1.0,住宅,LS
千葉稲毛,118,70918000,1.2,1.0,住宅,W
千葉稲毛,210,27720000,1.5,1.0,住宅,W
千葉稲毛,210,172830000,1.0,1.0,住宅,W
千葉稲毛,206,187254000,1.0,1.0,住宅,W
千葉稲毛,158,25280000,1.0,1.2,住宅,W
千葉稲毛,183,25254000,1.0,1.2,住宅,W
千葉稲毛,255,70125000,1.0,1.2,住宅,LS
千葉稲毛,257,56026000,1.0,1.2,住宅,W
千葉稲毛,151,11174000,1.0,1.2,住宅,W
千葉稲毛,200,20800000,1.0,1.2,住宅,W
千葉稲毛,199,10945000,1.0,1.2,住宅,W
千葉稲毛,168,43680000,1.0,1.5,住宅,W
千葉稲毛,148,18056000,1.0,1.5,住宅,LS
千葉稲毛,163,41076000,1.0,1.5,住宅,W
千葉稲毛,102,14994000,1.0,1.5,住宅,W
千葉稲毛,90,7650000,1.0,1.5,住宅,W
千葉稲毛,230,63250000,1.0,1.5,店舗兼共同住宅,S
千葉稲毛,288,49824000,1.0,1.5,店舗兼共同住宅,RC
千葉稲毛,174,30624000,1.0,2.0,住宅,W
千葉稲毛,282,60066000,1.0,2.0,住宅,W
千葉緑,171,101061000,1.2,1.0,住宅,W
千葉緑,171,17784000,1.0,1.2,住宅,W
千葉緑,717,102531000,1.0,1.5,住宅,LS
千葉緑,192,64704000,1.0,1.5,住宅,W
千葉緑,170,10200000,1.0,1.5,住宅,W
千葉緑,176,19360000,1.0,1.5,住宅,W
千葉緑,227,24970000,1.0,2.0,住宅,W
千葉緑,171,8379000,1.0,2.0,住宅,W
千葉美浜,213,35784000,1.0,1.2,住宅,W
千葉美浜,247,41743000,1.0,1.5,住宅,W
千葉美浜,197,31717000,1.0,1.5,住宅,W
千葉美浜,185,32745000,1.0,1.5,住宅,W
千葉美浜,199,33432000,1.0,1.5,住宅,W
千葉美浜,6334,918430000,2.0,1.0,共同住宅,SRC
千葉花見川,142,34790000,1.2,1.0,住宅,W
千葉花見川,146,35332000,1.0,1.0,住宅,W
千葉花見川,173,18338000,1.0,1.0,住宅,W
千葉花見川,217,97433000,1.0,1.0,住宅,LS
千葉花見川,174,18966000,1.0,1.0,住宅,W
千葉花見川,188,30832000,1.0,1.0,住宅,W
千葉花見川,208,34944000,1.0,1.2,住宅,LS
千葉花見川,187,27676000,1.0,1.2,住宅,W
千葉花見川,195,31395000,1.0,1.2,住宅,W
千葉花見川,166,27390000,1.0,1.2,住宅,W
千葉花見川,141,16638000,1.0,1.2,住宅,W
千葉花見川,142,56090000,1.0,1.2,住宅,W
千葉花見川,483,150213000,1.0,1.2,住宅,W
千葉花見川,125,26000000,1.0,1.2,店舗兼住宅,S
千葉花見川,172,32680000,1.0,1.5,住宅,W
千葉花見川,143,23595000,1.0,1.5,住宅,W
千葉花見川,165,38445000,1.0,1.5,住宅,W
千葉花見川,178,25632000,1.0,1.5,住宅,W
千葉花見川,92,9844000,1.0,1.5,住宅,W
千葉花見川,191,21201000,1.0,1.5,住宅,W
千葉花見川,245,26215000,1.0,1.5,住宅,W
千葉花見川,243,64152000,1.0,1.5,店舗兼住宅,S
千葉花見川,166,24402000,1.0,2.0,住宅,W
千葉花見川,184,24840000,1.0,2.0,住宅,W
千葉花見川,248,63488000,1.0,2.0,住宅,W
千葉花見川,196,39788000,1.0,2.0,住宅,W
千葉花見川,149,25479000,1.0,2.0,住宅,LS
千葉若葉,232,181656000,1.2,1.0,住宅,RC
千葉若葉,175,18025000,1.0,1.0,住宅,W
千葉若葉,293,84677000,1.0,1.0,住宅,W
千葉若葉,135,100035000,1.0,1.0,住宅,W
千葉若葉,175,121450000,1.0,1.2,住宅,LS
千葉若葉,148,107004000,1.0,1.2,住宅,W
千葉若葉,132,92928000,1.0,1.2,住宅,W
千葉若葉,178,99858000,1.0,1.2,住宅,W
千葉若葉,214,106786000,1.0,1.2,住宅,W
千葉若葉,133,91637000,1.0,1.2,住宅,LS
千葉若葉,215,155445000,1.0,1.2,住宅,LS
千葉若葉,132,122100000,1.0,1.5,住宅,W
千葉若葉,131,117507000,1.0,1.5,住宅,W
千葉若葉,161,128156000,1.0,1.5,住宅,W
千葉若葉,165,20295000,1.0,2.0,住宅,W
印西,300,41100000,1.2,1.0,住宅,W
印西,165,58740000,1.0,1.0,住宅,W
印西,190,76760000,1.0,1.0,住宅,W
印西,187,70125000,1.0,1.0,住宅,W
印西,198,90090000,1.0,1.2,住宅,W
印西,227,162986000,1.0,1.5,住宅,W
印西,210,148050000,1.0,1.5,住宅,W
印西,131,49256000,1.0,2.0,住宅,W
台東,205,299300000,1.2,1.0,事務所、店舗兼住宅等,SRC
台東,330,278520000,1.0,1.0,住宅兼共同住宅,RC
台東,92,99360000,1.0,1.0,店舗兼住宅,S
台東,314,518100000,1.0,1.0,事務所兼住宅,SRC
台東,160,128320000,1.0,1.5,住宅,W
台東,147,126273000,1.0,1.5,住宅,W
台東,160,119040000,1.0,1.5,住宅,RC
台東,290,440800000,1.0,1.5,事務所兼共同住宅,SRC
台東,196,112308000,1.0,1.5,事務所兼共同住宅,SRC
台東,124,100564000,1.0,1.5,店舗兼住宅,S
台東,110,86570000,1.0,1.5,店舗、事務所兼住宅,RC
台東,79,46452000,1.0,1.5,店舗兼住宅,S
台東,182,126854000,1.0,1.5,事務所、車庫兼共同住宅等,SRC
台東,143,72072000,1.0,1.5,事務所、倉庫兼住宅,S
台東,195,120120000,1.0,1.5,事務所兼共同住宅,RC
台東,81,62694000,1.0,1.5,店舗兼共同住宅,RC
台東,99,80289000,1.0,1.5,店舗兼共同住宅,S
台東,89,93450000,1.0,1.5,店舗、事務所兼住宅,RC
台東,98,136220000,1.0,2.0,事務所、店舗兼住宅,RC
台東,74,53058000,1.0,2.0,店舗、事務所兼住宅,S
台東,151,193280000,1.0,2.0,店舗、事務所兼住宅等,RC
台東,101,134330000,1.0,2.0,店舗兼共同住宅,S
台東,127,110744000,1.0,2.0,店舗兼住宅,S
台東,95,74955000,1.0,2.0,事務所兼共同住宅,RC
台東,118,102188000,1.0,2.0,店舗、事務所兼共同住宅,SRC
台東,101,80699000,1.0,2.5,事務所、倉庫兼住宅,SRC
台東,666,1172160000,1.0,3.0,事務所兼共同住宅,SRC
君津,189,59724000,1.2,1.0,住宅,W
君津,150,63300000,1.0,1.0,住宅,W
君津,107,43335000,1.0,1.0,住宅,W
君津,209,116204000,1.0,1.2,住宅,W
君津,207,113022000,1.0,1.5,住宅,W
君津,212,110664000,1.0,1.5,住宅,W
君津,212,133348000,1.0,1.5,店舗兼住宅,W
君津,165,73260000,1.0,2.0,住宅,W
君津,240,118560000,1.0,2.0,住宅,W
君津,263,69958000,1.0,2.0,住宅,LS
君津,210,61530000,1.0,2.0,住宅,W
君津,230,82570000,1.0,2.0,住宅,W
君津,208,118768000,1.0,2.0,住宅,LS
品川,115,109940000,1.2,1.0,住宅,W
品川,350,249200000,1.2,1.0,共同住宅,RC
品川,426,472860000,1.2,1.0,共同住宅兼事務所,RC
品川,188,263200000,1.2,1.0,店舗兼共同住宅,S
品川,96,78048000,1.5,1.0,住宅,RC
品川,86,63210000,1.5,1.0,共同住宅,SRC
品川,74,50838000,1.0,1.0,共同住宅,S
品川,71,42955000,1.0,1.0,住宅,W
品川,1655,1424955000,1.0,1.0,共同住宅,RC
品川,87,56898000,1.0,1.0,住宅,LS
品川,141,108288000,1.0,1.0,共同住宅,RC
品川,255,233325000,1.0,1.0,店舗兼共同住宅,RC
品川,296,375920000,1.0,1.2,共同住宅,S
品川,84,58800000,1.0,1.2,共同住宅,W
品川,94,68432000,1.0,1.2,住宅,RC
品川,84,53760000,1.0,1.2,住宅,W
品川,106,67734000,1.0,1.2,住宅,W
品川,513,600210000,1.0,1.5,共同住宅,RC
品川,94,58186000,1.0,1.5,住宅,RC
品川,248,290160000,1.0,1.5,住宅,RC
品川,114,84246000,1.0,1.5,住宅,W
品川,533,708890000,1.0,1.5,共同住宅,RC
品川,129,92622000,1.0,1.5,共同住宅,RC
品川,99,86823000,1.0,1.5,店舗兼共同住宅,S
品川,222,211788000,1.0,1.5,店舗兼共同住宅,RC
品川,147,123480000,1.0,1.5,店舗兼住宅,S
品川,114,80598000,1.0,2.0,住宅兼事務所,RC
品川,297,244728000,1.0,2.0,住宅,RC
品川,213,141645000,1.0,2.0,事務所兼共同住宅,RC
品川,112,102704000,1.0,2.0,共同住宅,S
品川,82,53464000,1.0,2.0,住宅,LS
品川,136,112064000,1.0,2.0,住宅,W
品川,89,54201000,1.0,2.0,住宅,W
品川,347,345265000,1.0,2.0,店舗、事務所兼共同住宅,SRC
品川,147,101871000,1.0,2.0,工場、事務所兼住宅,RC
品川,198,176814000,1.0,2.0,事務所、車庫兼共同住宅,S
品川,201,317580000,1.0,2.5,店舗兼住宅,SRC
品川,145,168200000,1.0,3.0,店舗兼共同住宅,S
四街道,153,55539000,1.0,1.0,住宅,W
四街道,203,88508000,1.0,1.0,住宅,W
四街道,145,124410000,1.0,1.2,住宅,W
四街道,194,148216000,1.0,1.2,住宅,LS
四街道,199,67859000,1.0,1.2,住宅,W
四街道,226,141250000,1.0,1.2,住宅,W
四街道,160,107040000,1.0,1.2,住宅,W
四街道,158,84372000,1.0,1.5,住宅,W
四街道,175,90475000,1.0,1.5,住宅,W
四街道,168,70392000,1.0,1.5,住宅,W
国分寺,112,39760000,1.5,1.0,住宅,LS
国分寺,125,32125000,1.0,1.2,住宅,W
国分寺,159,48495000,1.0,1.5,住宅,W
国分寺,180,49320000,1.0,1.5,住宅,W
国分寺,119,32725000,1.0,1.5,住宅,W
国分寺,196,52920000,1.0,1.5,住宅,LS
国分寺,140,46620000,1.0,1.5,住宅,W
国分寺,165,53130000,1.0,1.5,店舗兼住宅,RC
国分寺,198,60786000,1.0,2.0,住宅,W
国分寺,140,86520000,1.0,2.0,店舗、事務所兼共同住宅,S
国分寺,132,64548000,1.0,2.5,店舗兼住宅,W
国分寺,125,66125000,1.0,2.5,店舗兼共同住宅,S
国立,116,25636000,1.2,1.0,共同住宅,W
国立,124,40300000,1.0,1.0,住宅,LS
国立,154,51590000,1.0,1.5,住宅,LS
国立,148,46620000,1.0,1.5,住宅,W
国立,283,98201000,1.0,1.5,店舗兼共同住宅,RC
国立,188,85916000,1.0,2.0,住宅,RC
国立,117,42705000,1.0,2.0,住宅,W
国立,75,32025000,1.0,2.0,店舗兼住宅,S
墨田,127,62230000,1.0,1.2,事務所、作業所兼共同住宅,RC
墨田,69,34500000,1.0,1.2,住宅兼工場,S
墨田,431,271961000,1.0,1.5,共同住宅,RC
墨田,158,76788000,1.0,1.5,住宅,S
墨田,136,52088000,1.0,1.5,事務所兼住宅,S
墨田,118,81420000,1.0,1.5,店舗兼共同住宅,RC
墨田,234,95472000,1.0,1.5,事務所兼住宅,RC
墨田,133,48545000,1.0,2.0,住宅,S
墨田,229,122057000,1.0,2.0,作業所、事務所兼住宅,S
墨田,82,28372000,1.0,2.0,住宅,W
墨田,110,37180000,1.0,2.0,住宅,S
墨田,126,110754000,1.0,2.0,店舗兼共同住宅,SRC
墨田,107,73830000,1.0,2.0,店舗兼共同住宅,S
墨田,84,79632000,1.0,2.0,店舗兼共同住宅,RC
墨田,102,100674000,1.0,2.5,店舗、事務所兼共同住宅,SRC
多摩,211,55915000,1.2,1.0,住宅,W
多摩,123,15867000,1.2,1.0,住宅,LS
多摩,200,26000000,1.2,1.0,住宅,W
多摩,236,53100000,1.0,1.0,共同住宅,SRC
多摩,603,127836000,1.0,1.0,共同住宅,RC
多摩,185,25715000,1.0,1.0,共同住宅,W
多摩,251,49949000,1.0,1.0,共同住宅,RC
多摩,200,38000000,1.0,1.0,住宅,W
多摩,210,30450000,1.0,1.0,住宅,W
多摩,291,44232000,1.0,1.0,住宅,W
多摩,132,25212000,1.0,1.0,住宅,LS
多摩,183,34038000,1.0,1.0,共同住宅,RC
多摩,165,25905000,1.0,1.0,住宅,W
多摩,108,18900000,1.0,1.0,住宅,W
多摩,170,25840000,1.0,1.0,住宅,W
多摩,305,48495000,1.0,1.2,住宅,W
多摩,263,50233000,1.0,1.2,住宅,W
多摩,138,31602000,1.0,1.2,住宅,W
多摩,366,74664000,1.0,1.2,事務所兼共同住宅,S
多摩,263,116772000,1.0,1.2,店舗兼共同住宅,RC
多摩,299,56212000,1.0,1.5,共同住宅,LS
多摩,139,23213000,1.0,1.5,住宅,W
多摩,135,24435000,1.0,1.5,住宅,W
多摩,232,35960000,1.0,1.5,住宅,W
多摩,224,34944000,1.0,1.5,住宅,W
多摩,147,21756000,1.0,1.5,住宅,W
多摩,188,42112000,1.0,2.0,住宅,W
大田,2055,1023390000,1.2,1.0,共同住宅,RC
大田,113,60568000,1.2,1.0,店舗、事務所兼共同住宅,RC
大田,244,170800000,1.2,1.0,店舗兼共同住宅,RC
大田,157,87135000,1.2,1.0,店舗、事務所兼共同住宅,RC
大田,993,732834000,1.5,1.0,共同住宅,SRC
大田,165,81345000,1.0,1.0,住宅,W
大田,220,104060000,1.0,1.0,住宅,W
大田,109,52429000,1.0,1.0,住宅,W
大田,89,48149000,1.0,1.0,店舗兼住宅,S
大田,159,105735000,1.0,1.0,店舗、車庫兼共同住宅,RC
大田,135,71010000,1.0,1.2,住宅兼共同住宅,S
大田,321,156648000,1.0,1.2,住宅,W
大田,166,87814000,1.0,1.2,住宅,W
大田,246,117096000,1.0,1.2,住宅,W
大田,297,153252000,1.0,1.2,住宅,W
大田,146,74898000,1.0,1.2,住宅,LS
大田,189,84294000,1.0,1.2,住宅、工場兼事務所,S
大田,144,75168000,1.0,1.5,住宅,W
大田,264,106392000,1.0,1.5,工場、事務所兼住宅,S
大田,2401,1382976000,1.0,1.5,共同住宅,RC
大田,231,155001000,1.0,1.5,住宅,W
大田,263,165164000,1.0,1.5,住宅,W
大田,165,76890000,1.0,1.5,住宅兼共同住宅,LS
大田,122,51850000,1.0,1.5,住宅,W
大田,238,114240000,1.0,1.5,住宅,W
大田,165,78045000,1.0,1.5,住宅,W
大田,437,314203000,1.0,1.5,住宅,W
大田,210,128940000,1.0,1.5,住宅兼事務所,RC
大田,107,52537000,1.0,1.5,住宅,W
大田,162,81810000,1.0,1.5,共同住宅,RC
大田,264,162624000,1.0,1.5,住宅,W
大田,191,102376000,1.0,1.5,住宅,RC
大田,134,57084000,1.0,1.5,事務所兼住宅,S
大田,100,47300000,1.0,1.5,住宅,W
大田,104,41600000,1.0,1.5,住宅,S
大田,88,41008000,1.0,1.5,店舗兼共同住宅,S
大田,254,177800000,1.0,1.5,店舗、車庫兼共同住宅,RC
大田,338,335634000,1.0,1.5,店舗、事務所兼共同住宅,RC
大田,163,88835000,1.0,1.5,事務所兼共同住宅,RC
大田,155,91760000,1.0,1.5,店舗兼住宅,RC
大田,133,143640000,1.0,1.5,店舗兼住宅,RC
大田,237,178935000,1.0,1.5,店舗、事務所兼住宅,RC
大田,246,146370000,1.0,1.5,事務所兼住宅,S
大田,125,60000000,1.0,1.5,店舗、事務所兼共同住宅,S
大田,119,77350000,1.0,1.5,事務所兼住宅,S
大田,207,125856000,1.0,1.5,店舗兼共同住宅,RC
大田,295,175525000,1.0,1.5,事務所兼共同住宅,SRC
大田,127,59182000,1.0,2.0,住宅,RC
大田,173,92901000,1.0,2.0,住宅,RC
大田,174,92916000,1.0,2.0,住宅,LS
大田,304,151392000,1.0,2.0,住宅,W
大田,266,153748000,1.0,2.0,住宅,RC
大田,121,53845000,1.0,2.0,住宅,LS
大田,81,37260000,1.0,2.0,住宅,LS
大田,107,48685000,1.0,2.0,住宅,W
大田,170,77860000,1.0,2.0,住宅兼共同住宅,LS
大田,119,75565000,1.0,2.0,住宅,LS
大田,152,88768000,1.0,2.0,住宅,W
大田,132,60456000,1.0,2.0,住宅,W
大田,185,94535000,1.0,2.0,住宅,W
大田,119,57715000,1.0,2.0,住宅,S
大田,171,102258000,1.0,2.0,店舗、住宅兼共同住宅,S
大田,99,52866000,1.0,2.0,店舗兼共同住宅,W
大田,208,103792000,1.0,2.0,店舗、事務所兼共同住宅,RC
大田,363,229779000,1.0,2.0,店舗兼共同住宅,RC
大田,132,61116000,1.0,2.5,住宅,S
大田,228,110580000,1.0,2.5,住宅,W
大田,196,127596000,1.0,2.5,店舗兼共同住宅,RC
大田,132,73656000,1.0,2.5,事務所兼共同住宅,S
大田,107,78752000,1.0,2.5,事務所、工場兼住宅,S
大田,272,180880000,1.0,3.0,店舗兼共同住宅,S
大田,1232,691152000,2.0,1.0,共同住宅,RC
富津,176,30800000,1.0,1.5,住宅,W
富津,200,37600000,1.0,2.0,住宅,W
富津,184,24656000,1.0,2.0,住宅,W
富津,209,34276000,1.0,2.0,住宅,W
富津,142,33796000,1.0,2.0,住宅,W
小平,171,37962000,1.2,1.0,住宅,W
小平,134,29078000,1.2,1.0,住宅,W
小平,100,20900000,1.2,1.0,住宅,W
小平,146,34456000,1.0,1.0,住宅,W
小平,180,44100000,1.0,1.0,住宅,W
小平,129,31218000,1.0,1.0,住宅,LS
小平,165,41085000,1.0,1.2,住宅,W
小平,218,53846000,1.0,1.2,住宅,W
小平,209,47025000,1.0,1.2,住宅,W
小平,154,34496000,1.0,1.5,住宅,W
小平,117,29133000,1.0,1.5,住宅,W
小平,165,43065000,1.0,1.5,住宅,W
小平,165,39600000,1.0,1.5,住宅,W
小平,204,51000000,1.0,1.5,住宅,RC
小平,96,19296000,1.0,1.5,住宅,W
小平,105,21525000,1.0,1.5,住宅,W
小平,194,46560000,1.0,1.5,住宅,W
小平,148,32264000,1.0,1.5,住宅,W
小平,329,75012000,1.0,1.5,共同住宅,W
小平,131,25152000,1.0,2.0,住宅,W
小平,168,45864000,1.0,2.0,住宅,W
小平,165,38445000,1.0,2.0,事務所兼住宅,S
小平,169,39546000,1.0,2.0,住宅,W
小平,155,37355000,1.0,2.0,住宅,W
小金井,126,39816000,1.0,1.0,住宅,LS
小金井,138,48852000,1.0,1.0,住宅,LS
小金井,201,72360000,1.0,1.2,共同住宅,W
小金井,253,96393000,1.0,1.2,住宅,W
小金井,165,53955000,1.0,1.2,住宅,W
小金井,173,56052000,1.0,1.2,住宅,LS
小金井,181,68961000,1.0,1.5,住宅,W
小金井,97,29100000,1.0,1.5,住宅,W
小金井,120,44400000,1.0,1.5,店舗兼共同住宅,RC
小金井,150,55800000,1.0,2.0,住宅,W
小金井,107,38520000,1.0,2.0,住宅,W
小金井,225,76950000,1.0,2.0,共同住宅,W
市原,231,73227000,1.2,1.0,住宅,W
市原,100,54800000,1.2,1.0,住宅,W
市原,180,61740000,1.2,1.0,住宅,W
市原,169,100893000,1.2,1.0,住宅,W
市原,131,42313000,1.5,1.0,住宅,W
市原,176,25872000,1.5,1.0,住宅,W
市原,473,61963000,1.5,1.0,店舗、事務所兼住宅,RC
市原,585,97110000,1.0,1.0,住宅,W
市原,185,78995000,1.0,1.0,住宅,W
市原,127,27305000,1.0,1.0,住宅,W
市原,182,71162000,1.0,1.0,住宅,W
市原,198,95634000,1.0,1.0,住宅,W
市原,165,53625000,1.0,1.0,住宅,W
市原,299,105547000,1.0,1.2,住宅,W
市原,183,68076000,1.0,1.2,住宅,LS
市原,178,46636000,1.0,1.2,住宅,W
市原,727,106142000,1.0,1.2,住宅,W
市原,333,51615000,1.0,1.2,住宅,W
市原,152,36936000,1.0,1.2,住宅,W
市原,410,60680000,1.0,1.2,店舗、事務所兼共同住宅,RC
市原,122,65392000,1.0,1.5,住宅,W
市原,240,162240000,1.0,1.5,住宅,RC
市原,188,124268000,1.0,1.5,住宅,LS
市原,195,135135000,1.0,1.5,住宅,LS
市原,247,156104000,1.0,1.5,住宅,W
市原,188,125208000,1.0,1.5,住宅,W
市原,176,72864000,1.0,1.5,住宅,W
市原,100,25300000,1.0,1.5,店舗兼住宅,S
市原,185,100270000,1.0,2.0,住宅,W
市原,175,105525000,1.0,2.0,住宅,W
市原,171,104139000,1.0,2.0,住宅,LS
市原,375,138000000,1.0,2.0,住宅,W
市原,152,51072000,1.0,2.0,住宅,W
市原,167,61623000,1.0,2.0,住宅,W
市原,232,142912000,1.0,2.5,住宅,W
市原,221,154037000,1.0,2.5,住宅,W
市川,108,25596000,1.2,1.0,住宅,W
市川,113,15481000,1.2,1.0,住宅,W
市川,165,16830000,1.2,1.0,住宅,W
市川,113,21696000,1.2,1.0,住宅,W
市川,200,41400000,1.2,1.0,住宅,W
市川,173,31486000,1.5,1.0,住宅,LS
市川,145,43355000,1.5,1.0,住宅,W
市川,117,24921000,1.5,1.0,住宅,W
市川,148,37740000,1.5,1.0,住宅,W
市川,155,51615000,1.0,1.0,住宅,W
市川,155,18755000,1.0,1.0,住宅,LS
市川,183,31293000,1.0,1.0,住宅,W
市川,175,27300000,1.0,1.0,住宅,W
市川,102,96186000,1.0,1.0,住宅,W
市川,156,60060000,1.0,1.0,住宅,W
市川,172,153940000,1.0,1.0,住宅,W
市川,121,31581000,1.0,1.0,住宅,LS
市川,165,24915000,1.0,1.0,住宅,W
市川,168,31920000,1.0,1.2,住宅,W
市川,99,26433000,1.0,1.2,住宅,RC
市川,155,28675000,1.0,1.5,住宅,LS
市川,144,32112000,1.0,1.5,住宅,W
市川,145,25375000,1.0,1.5,住宅,W
市川,198,33462000,1.0,1.5,住宅,W
市川,120,16320000,1.0,1.5,住宅,W
市川,153,50031000,1.0,1.5,住宅,W
市川,100,33000000,1.0,1.5,住宅,W
市川,198,64152000,1.0,1.5,住宅,S
市川,165,52305000,1.0,1.5,事務所兼住宅,S
市川,100,25100000,1.0,1.5,住宅,LS
市川,123,24846000,1.0,1.5,住宅,W
市川,162,21870000,1.0,1.5,住宅,LS
市川,115,19550000,1.0,1.5,住宅,W
市川,165,21450000,1.0,1.5,住宅,LS
市川,159,43566000,1.0,1.5,住宅,W
市川,101,26765000,1.0,1.5,住宅,LS
市川,194,53350000,1.0,2.0,住宅,LS
市川,162,51030000,1.0,2.0,住宅,W
市川,168,52920000,1.0,2.0,共同住宅,W
市川,147,46158000,1.0,2.0,住宅,S
市川,122,15128000,1.0,2.0,住宅,W
市川,203,45675000,1.0,2.0,住宅,LS
市川,132,20724000,1.0,2.0,住宅,W
市川,184,49680000,1.0,2.0,住宅,W
市川,116,19140000,1.0,2.0,住宅,W
市川,272,97648000,1.0,2.0,住宅,W
市川,219,25404000,1.0,2.0,住宅,W
市川,195,58695000,1.0,2.0,共同住宅,S
市川,112,19152000,1.0,2.0,住宅,W
市川,134,33634000,1.0,2.0,住宅,W
市川,165,51480000,1.0,2.0,住宅,W
市川,120,38640000,1.0,2.0,住宅,LS
市川,156,20436000,1.0,2.0,住宅,W
市川,210,65940000,1.0,2.0,共同住宅,W
市川,165,91575000,1.0,2.0,店舗、事務所兼住宅,S
市川,176,59664000,1.0,2.5,住宅,W
市川,136,33592000,1.0,2.5,住宅,LS
市川,315,205380000,1.0,3.0,店舗兼住宅,RC
成田,842,97672000,1.2,1.0,住宅,W
成田,377,32422000,1.2,1.0,共同住宅,S
成田,182,97552000,1.5,1.0,住宅,W
成田,165,75405000,1.5,1.0,住宅,LS
成田,196,84672000,1.0,1.0,住宅,W
成田,194,104566000,1.0,1.2,住宅,W
成田,154,68376000,1.0,1.2,住宅,LS
成田,128,65664000,1.0,1.5,住宅,W
成田,157,39721000,1.0,1.5,住宅,W
成田,159,15105000,1.0,1.5,住宅,LS
成田,193,22774000,1.0,1.5,住宅,W
成田,179,93438000,1.0,2.0,住宅,LS
成田,684,58824000,1.0,2.0,住宅,W
成田,433,89631000,1.0,2.0,住宅,W
成田,257,44718000,1.0,2.0,店舗兼共同住宅,RC
成田,607,84980000,1.0,2.0,店舗兼共同住宅,RC
成田,709,636682000,1.0,3.0,共同住宅,W
我孫子,267,33108000,1.2,1.0,住宅,W
我孫子,180,71640000,1.2,1.0,住宅,W
我孫子,140,15540000,1.2,1.0,住宅,W
我孫子,165,15675000,1.0,1.0,住宅,W
我孫子,163,16463000,1.0,1.0,住宅,LS
我孫子,149,37697000,1.0,1.0,住宅,W
我孫子,276,51060000,1.0,1.2,住宅,LS
我孫子,178,66750000,1.0,1.2,住宅,W
我孫子,187,101541000,1.0,1.2,住宅,W
我孫子,122,80886000,1.0,1.2,住宅,W
我孫子,170,126140000,1.0,1.5,住宅,W
我孫子,183,101565000,1.0,1.5,住宅,W
我孫子,214,185538000,1.0,1.5,住宅,W
我孫子,257,147775000,1.0,2.0,住宅,W
我孫子,195,88140000,1.0,2.0,住宅,LS
我孫子,328,58384000,1.0,2.0,住宅,W
我孫子,240,127440000,1.0,2.0,住宅,W
我孫子,156,78468000,1.0,2.0,住宅,W
我孫子,257,45232000,1.0,2.0,店舗、事務所兼共同住宅,RC
文京,495,468765000,1.2,1.0,共同住宅,RC
文京,99,93654000,1.2,1.0,住宅,W
文京,186,295740000,1.5,1.0,事務所兼共同住宅,RC
文京,327,315555000,1.0,1.0,共同住宅、住宅兼事務所,RC
文京,110,165000000,1.0,1.0,店舗兼共同住宅,RC
文京,126,108234000,1.0,1.2,住宅,W
文京,454,472160000,1.0,1.2,住宅,W
文京,163,135127000,1.0,1.2,住宅,S
文京,187,153714000,1.0,1.2,住宅,LS
文京,157,180550000,1.0,1.2,事務所兼住宅,RC
文京,372,409200000,1.0,1.2,店舗、事務所兼共同住宅等,RC
文京,538,672500000,1.0,1.5,住宅,RC
文京,174,122670000,1.0,1.5,住宅兼共同住宅,S
文京,266,266000000,1.0,1.5,住宅,LS
文京,157,133921000,1.0,1.5,住宅,LS
文京,103,69010000,1.0,1.5,住宅,S
文京,81,103680000,1.0,1.5,店舗兼共同住宅,RC
文京,191,186225000,1.0,1.5,店舗兼共同住宅,S
文京,100,87500000,1.0,2.0,住宅,W
文京,157,121518000,1.0,2.0,住宅,W
文京,335,338350000,1.0,2.0,共同住宅,RC
文京,146,122202000,1.0,2.0,住宅,RC
文京,936,1020240000,1.0,2.0,共同住宅,RC
文京,231,219450000,1.0,2.0,住宅,RC
文京,471,640560000,1.0,2.0,店舗兼共同住宅,SRC
文京,166,258960000,1.0,2.0,店舗、事務所兼住宅,SRC
文京,82,75932000,1.0,2.0,事務所兼住宅,RC
文京,127,104013000,1.0,2.0,事務所兼共同住宅,S
文京,132,133320000,1.0,2.0,事務所兼共同住宅,S
文京,78,59202000,1.0,2.5,住宅,S
文京,153,177480000,1.0,2.5,住宅,LS
文京,250,260000000,1.0,2.5,事務所兼住宅,RC
文京,130,145600000,1.0,2.5,店舗兼共同住宅,S
新宿,261,336690000,1.2,1.0,店舗兼共同住宅,RC
新宿,161,115437000,1.0,1.0,共同住宅,RC
新宿,236,190216000,1.0,1.0,住宅,RC
新宿,205,155390000,1.0,1.0,共同住宅,W
新宿,322,347760000,1.0,1.0,住宅,RC
新宿,127,86360000,1.0,1.2,住宅,W
新宿,132,100452000,1.0,1.2,住宅,W
新宿,146,104098000,1.0,1.2,住宅,LS
新宿,1688,1991840000,1.0,1.2,共同住宅,RC
新宿,130,89830000,1.0,1.2,住宅,W
新宿,86,63124000,1.0,1.2,住宅兼共同住宅,W
新宿,161,94185000,1.0,1.2,共同住宅,W
新宿,303,296637000,1.0,1.2,事務所兼住宅,RC
新宿,217,180761000,1.0,1.2,店舗兼共同住宅,SRC
新宿,103,104030000,1.0,1.5,住宅,RC
新宿,201,183312000,1.0,1.5,住宅,W
新宿,175,102725000,1.0,1.5,住宅,W
新宿,115,100510000,1.0,1.5,住宅,RC
新宿,314,195936000,1.0,1.5,住宅,W
新宿,197,155827000,1.0,1.5,共同住宅兼住宅,RC
新宿,169,112047000,1.0,1.5,共同住宅,RC
新宿,102,90168000,1.0,1.5,共同住宅,S
新宿,201,152358000,1.0,1.5,共同住宅,S
新宿,224,268800000,1.0,1.5,事務所、車庫兼共同住宅,RC
新宿,204,434520000,1.0,1.5,店舗、事務所兼住宅,SRC
新宿,236,354000000,1.0,1.5,店舗、事務所兼共同住宅,SRC
新宿,66,73260000,1.0,1.5,店舗兼共同住宅,S
新宿,113,177410000,1.0,1.5,店舗、事務所兼住宅,RC
新宿,272,394400000,1.0,1.5,店舗、事務所兼住宅,SRC
新宿,129,174150000,1.0,1.5,店舗、事務所兼共同住宅,SRC
新宿,141,238290000,1.0,1.5,店舗、事務所兼住宅,RC
新宿,123,177120000,1.0,1.5,店舗、事務所兼住宅,RC
新宿,369,368631000,1.0,1.5,店舗兼共同住宅,RC
新宿,356,836600000,1.0,1.5,店舗兼共同住宅,S
新宿,171,430920000,1.0,1.5,店舗兼共同住宅,RC
新宿,434,1024240000,1.0,1.5,事務所、共同住宅兼試写室,S
新宿,230,141450000,1.0,2.0,住宅,RC
新宿,212,177444000,1.0,2.0,住宅,RC
新宿,250,149500000,1.0,2.0,住宅,W
新宿,140,98700000,1.0,2.0,住宅,W
新宿,192,140352000,1.0,2.0,住宅,W
新宿,238,354620000,1.0,2.0,事務所兼共同住宅,SRC
新宿,107,97798000,1.0,2.0,事務所、住宅兼倉庫,RC
新宿,177,185850000,1.0,2.0,事務所兼住宅,SRC
新宿,209,198968000,1.0,2.0,店舗兼共同住宅,RC
新宿,396,394020000,1.0,2.5,共同住宅,S
新宿,2199,3034620000,1.0,2.5,共同住宅,RC
新宿,218,222360000,1.0,2.5,店舗兼共同住宅,RC
新宿,215,391300000,1.0,2.5,店舗兼共同住宅,RC
新島,646,46512000,1.2,1.0,住宅,B
日の出,132,104016000,1.0,1.0,住宅,W
日の出,114,110694000,1.0,1.5,住宅,W
日野,105,11655000,1.2,1.0,住宅,W
日野,115,17135000,1.2,1.0,住宅,LS
日野,165,17160000,1.0,1.0,住宅,W
日野,120,31200000,1.0,1.0,住宅,W
日野,120,18120000,1.0,1.0,住宅,W
日野,201,21708000,1.0,1.0,住宅,W
日野,130,22620000,1.0,1.0,住宅,W
日野,102,18462000,1.0,1.0,住宅,W
日野,193,41495000,1.0,1.0,住宅,LS
日野,206,30694000,1.0,1.2,住宅,LS
日野,120,32520000,1.0,1.2,住宅,W
日野,223,51959000,1.0,1.2,店舗兼共同住宅,S
日野,149,35909000,1.0,1.2,住宅,W
日野,185,31450000,1.0,1.2,住宅,W
日野,121,24200000,1.0,1.2,住宅,LS
日野,197,45113000,1.0,1.5,住宅,W
日野,143,32890000,1.0,1.5,住宅,W
日野,148,31524000,1.0,1.5,住宅,LS
日野,134,22646000,1.0,1.5,住宅,LS
日野,141,26790000,1.0,1.5,住宅,W
日野,137,30825000,1.0,1.5,住宅,RC
日野,132,27456000,1.0,1.5,住宅,W
日野,105,22995000,1.0,1.5,住宅,W
日野,132,24948000,1.0,1.5,住宅,W
日野,100,19600000,1.0,1.5,住宅,W
日野,99,18216000,1.0,2.0,住宅,W
日野,185,42550000,1.0,2.0,住宅,W
日野,167,30561000,1.0,2.0,住宅,W
日野,109,23871000,1.0,2.0,住宅,W
日野,195,51285000,1.0,2.0,店舗兼住宅,S
日野,200,44400000,1.0,2.5,住宅,W
日野,145,27405000,1.0,2.5,住宅,LS
昭島,165,28380000,1.0,1.0,住宅,W
昭島,104,19552000,1.0,1.2,住宅,W
昭島,135,28620000,1.0,1.5,住宅,W
昭島,185,32005000,1.0,1.5,住宅,W
昭島,100,22300000,1.0,1.5,住宅,W
昭島,190,27170000,1.0,1.5,住宅,W
昭島,123,19926000,1.0,1.5,住宅,W
昭島,104,24232000,1.0,1.5,住宅,W
昭島,107,28034000,1.0,1.5,住宅,W
昭島,160,25120000,1.0,1.5,住宅,W
昭島,125,24375000,1.0,2.0,住宅,W
昭島,108,26676000,1.0,2.0,住宅,W
昭島,100,19700000,1.0,2.0,住宅,W
木更津,217,96348000,1.2,1.0,住宅,W
木更津,152,73112000,1.2,1.0,住宅,W
木更津,340,45560000,1.0,1.0,住宅,W
木更津,147,21462000,1.0,1.0,住宅,W
木更津,330,63030000,1.0,1.0,住宅,W
木更津,703,78033000,1.0,1.0,住宅,W
木更津,247,94354000,1.0,1.2,住宅,W
木更津,199,12935000,1.0,1.2,住宅,LS
木更津,217,70525000,1.0,1.2,住宅,W
木更津,185,12395000,1.0,1.2,住宅,W
木更津,215,9460000,1.0,1.2,住宅,W
木更津,209,81928000,1.0,1.5,住宅,W
木更津,198,92070000,1.0,1.5,住宅,W
木更津,176,67936000,1.0,1.5,住宅,W
木更津,195,70590000,1.0,1.5,住宅,LS
木更津,255,81855000,1.0,1.5,住宅,W
木更津,185,57905000,1.0,1.5,住宅,W
木更津,267,73959000,1.0,1.5,住宅,W
木更津,187,93874000,1.0,1.5,住宅,LS
木更津,164,58220000,1.0,2.0,住宅,W
木更津,223,76489000,1.0,2.0,住宅,W
木更津,261,76995000,1.0,2.0,住宅,W
木更津,571,63952000,1.0,2.0,住宅,W
木更津,166,65570000,1.0,2.0,店舗兼住宅,S
木更津,76,34048000,1.0,2.0,店舗兼住宅,W
木更津,248,107384000,1.0,2.5,住宅,W
木更津,272,119952000,1.0,2.5,店舗兼住宅,W
杉並,330,199650000,1.2,1.0,共同住宅,RC
杉並,132,74448000,1.2,1.0,住宅,RC
杉並,189,93744000,1.2,1.0,住宅,W
杉並,152,76912000,1.2,1.0,住宅,W
杉並,106,65190000,1.2,1.0,住宅,W
杉並,109,206010000,1.5,1.0,店舗、事務所兼共同住宅等,SRC
杉並,235,138650000,1.0,1.0,住宅,RC
杉並,297,170775000,1.0,1.0,住宅,W
杉並,165,103290000,1.0,1.0,住宅,W
杉並,163,90302000,1.0,1.0,共同住宅,W
杉並,330,191400000,1.0,1.0,住宅,W
杉並,187,93126000,1.0,1.2,住宅,W
杉並,146,65992000,1.0,1.2,住宅,LS
杉並,136,70584000,1.0,1.2,住宅,W
杉並,148,77700000,1.0,1.2,住宅,LS
杉並,337,249043000,1.0,1.2,住宅,W
杉並,168,82656000,1.0,1.2,住宅,W
杉並,99,54054000,1.0,1.2,住宅,W
杉並,214,121980000,1.0,1.2,共同住宅,W
杉並,110,50270000,1.0,1.2,住宅,W
杉並,189,122283000,1.0,1.2,住宅,W
杉並,232,196736000,1.0,1.2,店舗兼共同住宅,RC
杉並,192,164160000,1.0,1.2,事務所兼共同住宅,SRC
杉並,332,207832000,1.0,1.5,住宅,RC
杉並,182,93730000,1.0,1.5,共同住宅,W
杉並,141,86010000,1.0,1.5,住宅,W
杉並,132,61776000,1.0,1.5,住宅,W
杉並,96,57888000,1.0,1.5,住宅,W
杉並,90,43200000,1.0,1.5,住宅,W
杉並,225,115875000,1.0,1.5,住宅,W
杉並,198,115632000,1.0,1.5,住宅,LS
杉並,100,61800000,1.0,1.5,住宅,LS
杉並,214,121338000,1.0,1.5,住宅,RC
杉並,282,151152000,1.0,1.5,住宅,W
杉並,115,53705000,1.0,1.5,住宅,W
杉並,230,104880000,1.0,1.5,住宅,W
杉並,164,87740000,1.0,1.5,住宅,W
杉並,196,99372000,1.0,1.5,住宅,W
杉並,136,84048000,1.0,1.5,店舗兼住宅,W
杉並,244,161772000,1.0,1.5,店舗、事務所兼共同住宅等,RC
杉並,204,145248000,1.0,1.5,事務所兼共同住宅,RC
杉並,77,49357000,1.0,2.0,住宅,W
杉並,183,94245000,1.0,2.0,住宅,W
杉並,181,92672000,1.0,2.0,住宅,W
杉並,130,69420000,1.0,2.0,住宅,W
杉並,133,75943000,1.0,2.0,住宅,LS
杉並,76,49932000,1.0,2.0,住宅,S
杉並,134,66598000,1.0,2.0,住宅,W
杉並,330,196350000,1.0,2.0,住宅,S
杉並,132,67716000,1.0,2.0,住宅,W
杉並,194,92732000,1.0,2.0,住宅,W
杉並,284,205616000,1.0,2.0,住宅,W
杉並,84,46704000,1.0,2.0,住宅,W
杉並,123,76260000,1.0,2.0,住宅,RC
杉並,198,118206000,1.0,2.0,住宅,W
杉並,143,103389000,1.0,2.0,店舗兼共同住宅,S
杉並,93,66402000,1.0,2.0,店舗兼共同住宅,RC
杉並,182,129038000,1.0,2.0,保育園兼共同住宅,RC
杉並,146,73000000,1.0,2.5,住宅,W
杉並,114,73074000,1.0,2.5,住宅,W
杉並,132,73260000,1.0,2.5,共同住宅,RC
杉並,104,47320000,1.0,2.5,住宅,W
杉並,86,47042000,1.0,2.5,住宅,W
杉並,127,86106000,1.0,2.5,店舗兼共同住宅,RC
杉並,100,117000000,1.0,3.0,事務所、店舗兼共同住宅,RC
東久留米,208,47216000,1.5,1.0,住宅,W
東久留米,231,49203000,1.0,1.0,住宅,W
東久留米,264,50688000,1.0,1.0,住宅,W
東久留米,123,21156000,1.0,1.0,住宅,W
東久留米,100,15200000,1.0,1.0,住宅,W
東久留米,162,36612000,1.0,1.2,住宅,W
東久留米,132,29172000,1.0,1.2,住宅,W
東久留米,115,25415000,1.0,1.2,住宅,W
東久留米,264,52536000,1.0,1.2,住宅,W
東久留米,216,44064000,1.0,1.5,住宅,LS
東久留米,165,31515000,1.0,1.5,住宅,W
東久留米,106,22578000,1.0,1.5,住宅,W
東久留米,120,20640000,1.0,1.5,住宅,W
東久留米,110,19030000,1.0,2.0,住宅,W
東久留米,168,33096000,1.0,2.0,住宅,W
東久留米,100,17000000,1.0,2.0,住宅,W
東京府中,109,28340000,1.2,1.0,住宅,W
東京府中,102,26928000,1.2,1.0,住宅,W
東京府中,135,36315000,1.5,1.0,住宅,W
東京府中,122,32452000,1.5,1.0,住宅,W
東京府中,230,61870000,1.0,1.0,住宅,LS
東京府中,112,30688000,1.0,1.0,住宅,W
東京府中,165,51645000,1.0,1.0,住宅,W
東京府中,186,55986000,1.0,1.0,住宅,W
東京府中,119,29155000,1.0,1.0,住宅,LS
東京府中,145,53070000,1.0,1.0,住宅,LS
東京府中,137,36853000,1.0,1.0,住宅,W
東京府中,148,51800000,1.0,1.0,住宅,W
東京府中,119,37485000,1.0,1.0,店舗兼住宅,W
東京府中,158,49454000,1.0,1.2,住宅,W
東京府中,207,60030000,1.0,1.2,住宅,W
東京府中,109,37387000,1.0,1.2,住宅,W
東京府中,172,45408000,1.0,1.2,住宅,W
東京府中,107,35845000,1.0,1.2,住宅,W
東京府中,360,168120000,1.0,1.2,共同住宅,S
東京府中,171,48051000,1.0,1.2,住宅,W
東京府中,125,44875000,1.0,1.2,住宅,LS
東京府中,130,41470000,1.0,1.2,住宅,W
東京府中,99,28116000,1.0,1.2,店舗兼住宅,S
東京府中,130,46670000,1.0,1.5,住宅,W
東京府中,115,37030000,1.0,1.5,住宅,W
東京府中,163,46129000,1.0,1.5,住宅,W
東京府中,111,28416000,1.0,1.5,住宅,W
東京府中,100,28500000,1.0,1.5,住宅,W
東京府中,104,29744000,1.0,1.5,住宅,W
東京府中,95,23465000,1.0,1.5,住宅,W
東京府中,188,51512000,1.0,1.5,住宅,W
東京府中,165,42735000,1.0,1.5,住宅,W
東京府中,104,27664000,1.0,1.5,住宅,W
東京府中,113,29719000,1.0,1.5,住宅,W
東京府中,116,36888000,1.0,1.5,店舗兼住宅,S
東京府中,131,36418000,1.0,2.0,住宅,LS
東京府中,162,48114000,1.0,2.0,住宅,LS
東京府中,117,31005000,1.0,2.0,住宅,W
東京府中,105,37275000,1.0,2.0,住宅,W
東京瑞穂,93,9672000,1.0,1.5,住宅,W
東京瑞穂,193,20844000,1.0,1.5,住宅,W
東京瑞穂,267,34443000,1.0,1.5,店舗兼共同住宅,RC
東京瑞穂,164,18860000,1.0,2.0,住宅,W
東京瑞穂,165,17325000,1.0,2.0,住宅,LS
東京瑞穂,238,125426000,1.0,2.5,住宅,W
東大和,205,38130000,1.2,1.0,住宅,W
東大和,133,24738000,1.0,1.0,店舗兼共同住宅,S
東大和,150,26550000,1.0,1.0,住宅,LS
東大和,165,27720000,1.0,1.0,住宅,W
東大和,120,20400000,1.0,1.0,住宅,W
東大和,151,24613000,1.0,1.2,住宅,LS
東大和,198,30888000,1.0,1.2,住宅,W
東大和,154,26180000,1.0,1.2,住宅,W
東大和,193,25862000,1.0,1.2,店舗兼住宅,S
東大和,201,28743000,1.0,1.5,住宅,W
東大和,142,18886000,1.0,1.5,住宅,W
東大和,117,21294000,1.0,1.5,住宅,W
東大和,110,17930000,1.0,1.5,住宅,W
東大和,112,15792000,1.0,1.5,住宅,W
東村山,155,24335000,1.5,1.0,住宅,LS
東村山,570,86070000,1.5,1.0,工場、事務所兼住宅等,S
東村山,215,56545000,1.0,1.0,住宅,S
東村山,206,37904000,1.0,1.0,住宅,W
東村山,143,27456000,1.0,1.0,住宅,W
東村山,101,18483000,1.0,1.0,住宅,LS
東村山,145,29580000,1.0,1.0,住宅,W
東村山,235,39010000,1.0,1.0,住宅,LS
東村山,103,17201000,1.0,1.5,住宅,W
東村山,135,22950000,1.0,1.5,住宅,W
東村山,127,23495000,1.0,1.5,住宅,W
東村山,110,19030000,1.0,1.5,住宅,W
東村山,226,52432000,1.0,1.5,住宅,W
東村山,169,28899000,1.0,1.5,住宅,W
東村山,103,22866000,1.0,1.5,住宅,W
東村山,100,17200000,1.0,1.5,住宅,W
東村山,119,25466000,1.0,2.0,住宅,W
東村山,139,23352000,1.0,2.0,住宅,W
東金,150,30600000,1.2,1.0,住宅,W
松戸,118,17464000,1.2,1.0,住宅,W
松戸,145,18270000,1.2,1.0,住宅,LS
松戸,168,16968000,1.2,1.0,住宅,W
松戸,182,27846000,1.2,1.0,住宅,W
松戸,368,108560000,1.2,1.0,店舗兼共同住宅,S
松戸,121,15246000,1.5,1.0,住宅,W
松戸,142,13774000,1.5,1.0,住宅,W
松戸,223,22300000,1.5,1.0,住宅,W
松戸,224,38080000,1.0,1.0,住宅,W
松戸,163,18908000,1.0,1.0,住宅,LS
松戸,148,14504000,1.0,1.0,住宅,RC
松戸,172,26144000,1.0,1.0,住宅,W
松戸,248,24304000,1.0,1.0,住宅,LS
松戸,161,28658000,1.0,1.0,住宅,LS
松戸,214,37022000,1.0,1.0,住宅,W
松戸,100,13500000,1.0,1.0,住宅,W
松戸,150,18000000,1.0,1.0,住宅,LS
松戸,228,40584000,1.0,1.2,住宅,W
松戸,183,43920000,1.0,1.2,住宅,W
松戸,161,18354000,1.0,1.2,住宅,LS
松戸,199,21094000,1.0,1.2,住宅,W
松戸,165,16665000,1.0,1.2,住宅,W
松戸,138,21390000,1.0,1.2,住宅,LS
松戸,133,15428000,1.0,1.2,住宅,W
松戸,118,20060000,1.0,1.2,住宅,W
松戸,113,16498000,1.0,1.5,住宅,W
松戸,132,16764000,1.0,1.5,住宅,W
松戸,264,68640000,1.0,1.5,住宅,W
松戸,165,17160000,1.0,1.5,住宅,W
松戸,250,26250000,1.0,1.5,住宅,LS
松戸,150,22650000,1.0,1.5,住宅,W
松戸,165,17985000,1.0,1.5,住宅,W
松戸,132,20988000,1.0,1.5,住宅,W
松戸,181,26607000,1.0,1.5,住宅,LS
松戸,165,15180000,1.0,1.5,住宅,W
松戸,140,22680000,1.0,1.5,住宅,W
松戸,229,45800000,1.0,1.5,住宅,W
松戸,131,21484000,1.0,1.5,住宅,W
松戸,165,25905000,1.0,1.5,住宅,W
松戸,157,21509000,1.0,1.5,住宅,W
松戸,120,12720000,1.0,1.5,住宅,W
松戸,132,15180000,1.0,1.5,住宅,W
松戸,162,16524000,1.0,1.5,住宅,W
松戸,169,23660000,1.0,1.5,住宅,W
松戸,135,13095000,1.0,1.5,住宅,W
松戸,107,11342000,1.0,1.5,住宅,W
松戸,174,28014000,1.0,1.5,住宅,W
松戸,132,13464000,1.0,1.5,住宅,W
松戸,227,43357000,1.0,1.5,店舗兼住宅,RC
松戸,165,60555000,1.0,1.5,店舗、事務所兼住宅,RC
松戸,452,147352000,1.0,1.5,店舗兼共同住宅,S
松戸,193,47864000,1.0,2.0,住宅,W
松戸,111,20535000,1.0,2.0,住宅,W
松戸,181,21539000,1.0,2.0,住宅,W
松戸,199,31641000,1.0,2.0,住宅,W
松戸,180,32760000,1.0,2.0,住宅,W
松戸,180,32580000,1.0,2.0,住宅,W
松戸,137,23016000,1.0,2.0,住宅,W
松戸,181,22625000,1.0,2.0,住宅,W
松戸,151,21140000,1.0,2.0,住宅,W
松戸,192,19968000,1.0,2.0,住宅,W
松戸,165,25740000,1.0,2.0,住宅,W
松戸,145,17690000,1.0,2.0,住宅,LS
松戸,142,26554000,1.0,2.0,住宅,W
松戸,157,24649000,1.0,2.0,住宅,W
松戸,143,15015000,1.0,2.0,住宅,W
松戸,142,24140000,1.0,2.0,住宅,W
松戸,100,14100000,1.0,2.0,住宅,W
松戸,165,30030000,1.0,2.0,住宅,LS
松戸,252,58212000,1.0,2.5,店舗兼共同住宅,S
板橋,146,60298000,1.2,1.0,住宅,W
板橋,99,34254000,1.5,1.0,住宅,W
板橋,1716,736164000,1.5,1.0,共同住宅,RC
板橋,95,35245000,1.5,1.0,住宅,S
板橋,182,77714000,1.5,1.0,住宅,W
板橋,731,434214000,1.5,1.0,共同住宅,SRC
板橋,492,195324000,1.5,1.0,店舗兼共同住宅,RC
板橋,126,57456000,1.0,1.0,住宅,LS
板橋,99,55836000,1.0,1.2,共同住宅,S
板橋,127,63881000,1.0,1.2,事務所兼共同住宅,S
板橋,332,147076000,1.0,1.2,共同住宅,S
板橋,165,77880000,1.0,1.2,住宅,W
板橋,423,229689000,1.0,1.2,店舗兼共同住宅,RC
板橋,155,78895000,1.0,1.2,店舗兼住宅,S
板橋,215,88365000,1.0,1.5,住宅,W
板橋,127,53467000,1.0,1.5,住宅,LS
板橋,134,59764000,1.0,1.5,住宅,LS
板橋,115,43930000,1.0,1.5,営業所兼住宅,RC
板橋,114,54036000,1.0,1.5,住宅,W
板橋,117,45864000,1.0,1.5,住宅,LS
板橋,163,75632000,1.0,1.5,住宅,W
板橋,104,48152000,1.0,1.5,住宅,W
板橋,165,58245000,1.0,1.5,住宅,S
板橋,153,56610000,1.0,1.5,住宅,W
板橋,224,78400000,1.0,1.5,住宅,LS
板橋,131,44016000,1.0,1.5,共同住宅,RC
板橋,495,202455000,1.0,1.5,共同住宅,RC
板橋,74,25086000,1.0,1.5,住宅,W
板橋,150,56550000,1.0,1.5,共同住宅,SRC
板橋,119,47124000,1.0,1.5,住宅,LS
板橋,169,74191000,1.0,1.5,住宅,LS
板橋,220,78320000,1.0,1.5,住宅,W
板橋,287,174783000,1.0,2.0,住宅,RC
板橋,171,81567000,1.0,2.0,住宅,RC
板橋,93,38130000,1.0,2.0,住宅,W
板橋,148,78884000,1.0,2.0,住宅,W
板橋,114,59850000,1.0,2.0,事務所兼共同住宅,S
板橋,182,100646000,1.0,2.0,共同住宅,RC
板橋,102,55794000,1.0,2.0,住宅,W
板橋,366,157746000,1.0,2.0,住宅,W
板橋,74,44696000,1.0,2.0,店舗兼住宅,S
板橋,74,44104000,1.0,2.0,店舗兼共同住宅,S
板橋,72,40608000,1.0,2.0,店舗、住宅兼倉庫,SRC
板橋,5346,2779920000,1.0,2.5,共同住宅,RC
板橋,118,96878000,1.0,2.5,店舗兼共同住宅,SRC
板橋,535,220420000,1.0,3.0,共同住宅,RC
板橋,139,63662000,1.0,3.0,店舗兼共同住宅,RC
柏,266,35378000,1.2,1.0,住宅,LS
柏,180,111240000,1.2,1.0,住宅,W
柏,259,31857000,1.2,1.0,住宅,W
柏,261,49068000,1.2,1.0,住宅,W
柏,312,58344000,1.2,1.0,住宅,W
柏,161,11431000,1.2,1.0,住宅,W
柏,198,20196000,1.2,1.0,住宅,W
柏,166,97774000,1.2,1.0,住宅,W
柏,135,130680000,1.5,1.0,住宅,W
柏,287,55104000,1.5,1.0,住宅,W
柏,113,57856000,1.5,1.0,住宅,RC
柏,122,28792000,1.5,1.0,住宅,W
柏,634,98904000,1.5,1.0,店舗兼住宅,S
柏,222,168942000,1.0,1.0,住宅,W
柏,178,145070000,1.0,1.0,住宅,W
柏,175,113575000,1.0,1.0,住宅,W
柏,175,139475000,1.0,1.0,住宅,W
柏,207,33741000,1.0,1.0,住宅,RC
柏,137,110285000,1.0,1.0,住宅,W
柏,135,101520000,1.0,1.0,住宅,W
柏,171,97641000,1.0,1.0,住宅,W
柏,298,96850000,1.0,1.0,共同住宅,RC
柏,329,243460000,1.0,1.0,店舗、事務所兼住宅,RC
柏,238,68306000,1.0,1.2,住宅,W
柏,243,31347000,1.0,1.2,住宅,W
柏,176,13200000,1.0,1.2,住宅,W
柏,158,92904000,1.0,1.2,住宅,W
柏,142,19312000,1.0,1.2,共同住宅,W
柏,160,92640000,1.0,1.2,住宅,W
柏,147,22491000,1.0,1.2,住宅,W
柏,137,15070000,1.0,1.2,住宅,W
柏,185,32005000,1.0,1.2,住宅,W
柏,256,30976000,1.0,1.2,住宅,W
柏,456,98040000,1.0,1.2,住宅,W
柏,165,25245000,1.0,1.2,住宅,W
柏,282,62604000,1.0,1.2,住宅,W
柏,108,12852000,1.0,1.5,住宅,W
柏,135,19845000,1.0,1.5,住宅,W
柏,241,31089000,1.0,1.5,住宅,W
柏,150,85800000,1.0,1.5,住宅,W
柏,290,44950000,1.0,1.5,住宅,W
柏,170,18020000,1.0,1.5,住宅,W
柏,231,50358000,1.0,1.5,住宅,W
柏,125,15625000,1.0,1.5,住宅,LS
柏,151,21291000,1.0,1.5,住宅,LS
柏,330,74580000,1.0,1.5,住宅,W
柏,150,99600000,1.0,1.5,住宅,W
柏,276,36984000,1.0,1.5,住宅,W
柏,102,62118000,1.0,1.5,住宅,W
柏,138,17664000,1.0,1.5,住宅,W
柏,2099,520552000,1.0,1.5,共同住宅,RC
柏,319,216920000,1.0,1.5,店舗、事務所兼共同住宅等,RC
柏,118,28792000,1.0,1.5,店舗兼住宅,RC
柏,146,63802000,1.0,2.0,住宅,W
柏,779,305368000,1.0,2.0,住宅,W
柏,132,34452000,1.0,2.5,住宅,LS
横浜中,244,138348000,1.5,1.0,住宅,W
横浜中,323,121771000,1.5,1.0,店舗兼共同住宅,S
横浜中,185,62530000,1.0,1.0,住宅,W
横浜中,156,47892000,1.0,1.0,住宅,LS
横浜中,1463,538384000,1.0,1.0,店舗兼共同住宅,SRC
横浜中,265,67840000,1.0,1.2,住宅,W
横浜中,133,43491000,1.0,1.2,住宅,W
横浜中,119,30940000,1.0,1.2,住宅,W
横浜中,112,31136000,1.0,1.2,住宅,W
横浜中,349,144137000,1.0,1.5,住宅,W
横浜中,132,50160000,1.0,1.5,店舗、事務所兼共同住宅,RC
横浜中,153,116280000,1.0,1.5,店舗兼共同住宅,S
横浜中,99,43065000,1.0,1.5,店舗、事務所兼住宅,RC
横浜中,118,44486000,1.0,2.0,住宅,W
横浜中,243,79704000,1.0,2.0,住宅,W
横浜中,151,43337000,1.0,2.0,住宅,S
横浜中,132,46860000,1.0,2.0,店舗兼住宅,S
横浜中,120,40440000,1.0,2.0,店舗兼住宅,RC
横浜保土ケ谷,162,28026000,1.2,1.0,住宅,W
横浜保土ケ谷,100,18200000,1.2,1.0,住宅,W
横浜保土ケ谷,152,41952000,1.5,1.0,住宅,W
横浜保土ケ谷,322,68908000,1.0,1.0,住宅,W
横浜保土ケ谷,251,59236000,1.0,1.0,店舗兼共同住宅,RC
横浜保土ケ谷,130,27170000,1.0,1.2,住宅,W
横浜保土ケ谷,132,23628000,1.0,1.2,住宅,LS
横浜保土ケ谷,175,30975000,1.0,1.5,住宅,W
横浜保土ケ谷,176,32208000,1.0,1.5,住宅,W
横浜保土ケ谷,141,28059000,1.0,1.5,住宅,W
横浜保土ケ谷,187,31977000,1.0,1.5,住宅,W
横浜保土ケ谷,100,17200000,1.0,1.5,住宅,LS
横浜保土ケ谷,154,43890000,1.0,2.0,住宅,W
横浜保土ケ谷,158,31916000,1.0,2.0,住宅,W
横浜保土ケ谷,100,16400000,1.0,2.0,住宅,W
横浜保土ケ谷,128,20864000,1.0,2.0,住宅,W
横浜保土ケ谷,103,19364000,1.0,2.0,住宅,W
横浜保土ケ谷,118,21712000,1.0,2.0,住宅,W
横浜南,267,108135000,1.2,1.0,店舗兼共同住宅,SRC
横浜南,99,23859000,1.0,1.0,住宅,W
横浜南,156,26052000,1.0,1.0,住宅,W
横浜南,150,30900000,1.0,1.2,住宅,W
横浜南,110,27170000,1.0,1.2,住宅,W
横浜南,136,28424000,1.0,1.2,住宅,S
横浜南,111,31191000,1.0,1.2,住宅,W
横浜南,133,39102000,1.0,1.5,住宅,W
横浜南,146,27156000,1.0,1.5,住宅,W
横浜南,107,19581000,1.0,1.5,住宅,W
横浜南,155,31000000,1.0,1.5,住宅,W
横浜南,297,65043000,1.0,1.5,共同住宅兼作業所,S
横浜南,115,19665000,1.0,1.5,住宅,W
横浜南,158,32548000,1.0,1.5,住宅,W
横浜南,145,29435000,1.0,1.5,住宅,W
横浜南,112,30240000,1.0,1.5,住宅,W
横浜南,92,25760000,1.0,2.0,住宅,W
横浜戸塚,172,26832000,1.2,1.0,住宅,RC
横浜戸塚,125,18250000,1.2,1.0,住宅,W
横浜戸塚,165,20625000,1.2,1.0,住宅,W
横浜戸塚,162,33210000,1.0,1.0,住宅,W
横浜戸塚,151,30955000,1.0,1.0,住宅,W
横浜戸塚,175,23975000,1.0,1.0,住宅,W
横浜戸塚,229,64578000,1.0,1.0,住宅,W
横浜戸塚,142,22294000,1.0,1.0,住宅,W
横浜戸塚,152,17784000,1.0,1.0,住宅,W
横浜戸塚,149,28459000,1.0,1.0,住宅,W
横浜戸塚,165,37125000,1.0,1.2,住宅,W
横浜戸塚,167,34569000,1.0,1.2,住宅,W
横浜戸塚,167,29893000,1.0,1.2,住宅,W
横浜戸塚,198,40392000,1.0,1.2,住宅,W
横浜戸塚,129,14835000,1.0,1.2,住宅,W
横浜戸塚,173,26642000,1.0,1.2,住宅,W
横浜戸塚,1277,429072000,1.0,1.2,共同住宅,RC
横浜戸塚,176,47520000,1.0,1.2,住宅,W
横浜戸塚,181,28055000,1.0,1.2,住宅,W
横浜戸塚,194,29294000,1.0,1.2,住宅,W
横浜戸塚,184,24840000,1.0,1.2,住宅,W
横浜戸塚,142,30246000,1.0,1.2,住宅,W
横浜戸塚,534,142044000,1.0,1.2,店舗兼共同住宅,RC
横浜戸塚,187,40392000,1.0,1.5,住宅,LS
横浜戸塚,131,18340000,1.0,1.5,住宅,RC
横浜戸塚,185,26825000,1.0,1.5,住宅,W
横浜戸塚,148,25012000,1.0,1.5,住宅,LS
横浜戸塚,140,24640000,1.0,1.5,住宅,LS
横浜戸塚,176,31328000,1.0,1.5,住宅,W
横浜戸塚,139,15012000,1.0,1.5,住宅,W
横浜戸塚,162,22356000,1.0,1.5,住宅,W
横浜戸塚,188,34216000,1.0,1.5,住宅,W
横浜戸塚,123,21402000,1.0,1.5,住宅,W
横浜戸塚,190,32680000,1.0,1.5,住宅,LS
横浜戸塚,125,27750000,1.0,2.0,住宅,W
横浜旭,130,23140000,1.0,1.0,住宅,W
横浜旭,153,25245000,1.0,1.0,住宅,W
横浜旭,168,27384000,1.0,1.0,住宅,W
横浜旭,187,33286000,1.0,1.0,住宅,W
横浜旭,167,25050000,1.0,1.0,住宅,W
横浜旭,137,26441000,1.0,1.0,住宅,LS
横浜旭,180,30600000,1.0,1.2,住宅,LS
横浜旭,159,27189000,1.0,1.2,住宅,W
横浜旭,172,31648000,1.0,1.2,住宅,W
横浜旭,147,27195000,1.0,1.2,住宅,W
横浜旭,113,19775000,1.0,1.2,住宅,W
横浜旭,127,20701000,1.0,1.2,住宅,W
横浜旭,125,20375000,1.0,1.5,住宅,W
横浜旭,133,30191000,1.0,1.5,住宅,W
横浜旭,147,26166000,1.0,1.5,住宅,W
横浜旭,132,23628000,1.0,1.5,住宅,LS
横浜旭,125,20625000,1.0,1.5,住宅,W
横浜旭,236,39176000,1.0,1.5,住宅,LS
横浜旭,162,32886000,1.0,1.5,住宅,W
横浜旭,132,33792000,1.0,2.0,住宅,W
横浜旭,125,37750000,1.0,2.0,住宅,W
横浜旭,142,32092000,1.0,2.0,住宅,W
横浜旭,111,29637000,1.0,2.0,店舗兼住宅,LS
横浜栄,211,32283000,1.0,1.0,住宅,LS
横浜栄,219,46866000,1.0,1.0,住宅,W
横浜栄,131,22532000,1.0,1.0,住宅,LS
横浜栄,195,33930000,1.0,1.0,住宅,W
横浜栄,221,29614000,1.0,1.0,住宅,LS
横浜栄,251,49949000,1.0,1.0,店舗兼住宅,S
横浜栄,194,27354000,1.0,1.2,住宅,W
横浜栄,158,23542000,1.0,1.2,住宅,W
横浜栄,171,26505000,1.0,1.2,住宅,LS
横浜栄,168,17808000,1.0,1.2,住宅,LS
横浜栄,140,35560000,1.0,1.2,店舗兼共同住宅,S
横浜栄,185,27195000,1.0,1.5,住宅,W
横浜栄,132,16632000,1.0,1.5,住宅,W
横浜栄,134,17822000,1.0,1.5,住宅,LS
横浜栄,183,47031000,1.0,2.0,住宅,LS
横浜泉,208,34112000,1.2,1.0,住宅,W
横浜泉,173,32005000,1.0,1.0,住宅,W
横浜泉,196,42532000,1.0,1.0,住宅,W
横浜泉,181,35657000,1.0,1.0,住宅,W
横浜泉,147,26313000,1.0,1.0,住宅,W
横浜泉,175,32725000,1.0,1.2,住宅,W
横浜泉,143,24739000,1.0,1.2,住宅,W
横浜泉,186,43152000,1.0,1.2,住宅,W
横浜泉,130,28990000,1.0,1.2,住宅,W
横浜泉,142,24566000,1.0,1.2,住宅,W
横浜泉,125,21250000,1.0,1.2,住宅,W
横浜泉,128,26496000,1.0,1.2,住宅,W
横浜泉,1367,298006000,1.0,1.2,店舗兼共同住宅,RC
横浜泉,119,28084000,1.0,1.5,住宅,W
横浜泉,180,37980000,1.0,1.5,住宅,RC
横浜泉,165,40260000,1.0,2.0,住宅,W
横浜港北,198,54450000,1.2,1.0,住宅,W
横浜港北,206,70452000,1.2,1.0,住宅,LS
横浜港北,167,52438000,1.2,1.0,住宅,W
横浜港北,292,115048000,1.2,1.0,店舗兼共同住宅,RC
横浜港北,99,28017000,1.0,1.0,住宅,W
横浜港北,271,111652000,1.0,1.0,住宅,RC
横浜港北,148,52540000,1.0,1.0,住宅,W
横浜港北,178,49128000,1.0,1.0,住宅,W
横浜港北,264,83160000,1.0,1.0,住宅,LS
横浜港北,147,49392000,1.0,1.0,住宅,W
横浜港北,148,40552000,1.0,1.0,住宅,W
横浜港北,109,40003000,1.0,1.0,住宅,W
横浜港北,183,45750000,1.0,1.0,住宅,LS
横浜港北,163,47270000,1.0,1.2,住宅,LS
横浜港北,127,36195000,1.0,1.2,住宅,W
横浜港北,171,59508000,1.0,1.2,住宅,LS
横浜港北,220,62920000,1.0,1.2,住宅,W
横浜港北,163,46781000,1.0,1.2,住宅,LS
横浜港北,187,52921000,1.0,1.2,住宅,W
横浜港北,178,44144000,1.0,1.2,住宅,W
横浜港北,150,29700000,1.0,1.2,住宅,W
横浜港北,251,79567000,1.0,1.2,店舗兼共同住宅,RC
横浜港北,205,81795000,1.0,1.5,住宅,LS
横浜港北,116,35032000,1.0,1.5,住宅,LS
横浜港北,1997,792809000,1.0,1.5,共同住宅,RC
横浜港北,145,63075000,1.0,1.5,住宅,LS
横浜港北,165,64845000,1.0,1.5,住宅,W
横浜港北,148,45140000,1.0,1.5,住宅,W
横浜港北,125,39125000,1.0,1.5,住宅,LS
横浜港北,165,37950000,1.0,1.5,住宅,W
横浜港北,138,39882000,1.0,1.5,住宅,W
横浜港北,144,49968000,1.0,1.5,住宅,W
横浜港北,158,32706000,1.0,1.5,住宅,W
横浜港北,150,63000000,1.0,1.5,住宅,RC
横浜港北,1,305000,1.0,1.5,共同住宅,RC
横浜港北,133,35910000,1.0,1.5,住宅,LS
横浜港北,128,34048000,1.0,1.5,住宅,W
横浜港北,130,33150000,1.0,1.5,住宅,W
横浜港北,110,38830000,1.0,2.0,住宅,W
横浜港北,113,31301000,1.0,2.0,住宅,LS
横浜港北,177,46374000,1.0,2.0,住宅,W
横浜港北,421,147350000,1.0,2.0,住宅,RC
横浜港北,144,38592000,1.0,2.0,住宅,W
横浜港北,105,49770000,1.0,2.0,店舗兼住宅,S
横浜港北,101,32421000,1.0,2.0,医院兼共同住宅,RC
横浜港南,156,25584000,1.2,1.0,住宅,W
横浜港南,149,35462000,1.2,1.0,住宅,W
横浜港南,203,42224000,1.2,1.0,住宅,W
横浜港南,161,25921000,1.2,1.0,住宅,W
横浜港南,193,28371000,1.2,1.0,住宅,W
横浜港南,169,32110000,1.2,1.0,住宅,LS
横浜港南,166,33698000,1.2,1.0,住宅,LS
横浜港南,144,32976000,1.5,1.0,住宅,LS
横浜港南,198,43758000,1.5,1.0,店舗兼共同住宅,RC
横浜港南,215,54395000,1.0,1.0,住宅,W
横浜港南,223,36349000,1.0,1.0,住宅,W
横浜港南,228,42408000,1.0,1.0,住宅,W
横浜港南,150,47550000,1.0,1.0,住宅,LS
横浜港南,225,40500000,1.0,1.0,住宅,W
横浜港南,197,39006000,1.0,1.0,住宅,W
横浜港南,178,32574000,1.0,1.0,住宅,W
横浜港南,175,31850000,1.0,1.0,住宅,W
横浜港南,209,34276000,1.0,1.0,住宅,W
横浜港南,249,59760000,1.0,1.0,店舗兼共同住宅,RC
横浜港南,82,16072000,1.0,1.0,店舗兼共同住宅,S
横浜港南,181,30770000,1.0,1.2,住宅,LS
横浜港南,154,26796000,1.0,1.2,住宅,LS
横浜港南,168,28224000,1.0,1.2,住宅,W
横浜港南,160,30400000,1.0,1.2,住宅,W
横浜港南,180,35640000,1.0,1.2,住宅,W
横浜港南,155,49910000,1.0,1.5,住宅,W
横浜港南,226,32318000,1.0,1.5,住宅,W
横浜港南,215,62350000,1.0,1.5,住宅,W
横浜港南,125,21875000,1.0,1.5,住宅,W
横浜港南,133,23408000,1.0,1.5,住宅,W
横浜港南,132,25740000,1.0,1.5,住宅,W
横浜港南,363,82401000,1.0,1.5,住宅,W
横浜港南,187,30481000,1.0,1.5,住宅,W
横浜港南,153,26010000,1.0,2.0,住宅,W
横浜瀬谷,177,28851000,1.0,1.0,住宅,W
横浜瀬谷,157,29673000,1.0,1.0,住宅,W
横浜瀬谷,173,28199000,1.0,1.0,住宅,W
横浜瀬谷,125,20750000,1.0,1.0,住宅,W
横浜瀬谷,197,31520000,1.0,1.0,住宅,W
横浜瀬谷,209,36993000,1.0,1.2,住宅,W
横浜瀬谷,116,22736000,1.0,1.5,住宅,W
横浜瀬谷,152,29944000,1.0,1.5,住宅,LS
横浜瀬谷,125,18375000,1.0,1.5,住宅,W
横浜瀬谷,152,28576000,1.0,1.5,住宅,W
横浜瀬谷,178,31862000,1.0,1.5,住宅,W
横浜瀬谷,125,19375000,1.0,2.0,住宅,W
横浜瀬谷,140,26880000,1.0,2.0,住宅,W
横浜瀬谷,121,20449000,1.0,2.0,住宅,W
横浜瀬谷,135,24300000,1.0,2.0,住宅,W
横浜瀬谷,102,19686000,1.0,2.0,住宅,W
横浜瀬谷,152,25840000,1.0,2.0,住宅,W
横浜瀬谷,165,27885000,1.0,2.0,住宅,W
横浜瀬谷,169,28561000,1.0,2.0,住宅,W
横浜磯子,180,28620000,1.2,1.0,住宅,W
横浜磯子,173,26469000,1.2,1.0,住宅,W
横浜磯子,161,29463000,1.5,1.0,住宅,W
横浜磯子,171,30267000,1.0,1.0,住宅,W
横浜磯子,158,38710000,1.0,1.0,住宅,W
横浜磯子,143,31174000,1.0,1.0,住宅,W
横浜磯子,101,21210000,1.0,1.0,住宅,W
横浜磯子,238,47362000,1.0,1.2,住宅,W
横浜磯子,352,74624000,1.0,1.2,店舗、事務所兼共同住宅,S
横浜磯子,132,21912000,1.0,1.5,住宅,W
横浜磯子,318,70596000,1.0,1.5,住宅,W
横浜磯子,100,17000000,1.0,1.5,住宅,W
横浜磯子,247,40755000,1.0,1.5,住宅,W
横浜磯子,142,24140000,1.0,1.5,住宅,W
横浜磯子,179,35621000,1.0,2.0,住宅,W
横浜神奈川,146,40734000,1.2,1.0,住宅,LS
横浜神奈川,206,57680000,1.2,1.0,住宅,W
横浜神奈川,143,32890000,1.2,1.0,住宅,W
横浜神奈川,126,26334000,1.2,1.0,住宅,W
横浜神奈川,100,34500000,1.2,1.0,住宅,LS
横浜神奈川,234,77688000,1.2,1.0,住宅,W
横浜神奈川,72,25560000,1.5,1.0,住宅,RC
横浜神奈川,238,65688000,1.0,1.0,住宅,W
横浜神奈川,175,45850000,1.0,1.0,住宅,W
横浜神奈川,106,32118000,1.0,1.0,住宅,W
横浜神奈川,149,49915000,1.0,1.2,店舗、事務所兼住宅,S
横浜神奈川,401,143558000,1.0,1.2,店舗兼住宅,RC
横浜神奈川,178,30082000,1.0,1.5,住宅,LS
横浜神奈川,105,26565000,1.0,1.5,住宅,W
横浜神奈川,163,55746000,1.0,1.5,住宅,W
横浜神奈川,171,50616000,1.0,1.5,住宅,W
横浜神奈川,131,36942000,1.0,1.5,住宅,W
横浜神奈川,117,39663000,1.0,1.5,住宅,W
横浜神奈川,150,40050000,1.0,1.5,住宅,LS
横浜神奈川,191,72580000,1.0,1.5,店舗兼共同住宅,S
横浜神奈川,82,22222000,1.0,2.0,住宅,W
横浜神奈川,138,62514000,1.0,2.0,店舗兼共同住宅,RC
横浜神奈川,127,61214000,1.0,2.0,店舗、事務所兼住宅,RC
横浜神奈川,454,143918000,1.0,2.0,店舗兼共同住宅,S
横浜緑,192,40512000,1.0,1.0,住宅,W
横浜緑,174,35670000,1.0,1.0,住宅,LS
横浜緑,183,37881000,1.0,1.0,住宅,W
横浜緑,199,40994000,1.0,1.2,住宅,LS
横浜緑,188,37036000,1.0,1.2,住宅,LS
横浜緑,153,35802000,1.0,1.2,住宅,W
横浜緑,195,32955000,1.0,1.2,住宅,W
横浜緑,132,36168000,1.0,1.2,住宅,LS
横浜緑,156,46020000,1.0,1.5,住宅,W
横浜緑,214,51788000,1.0,1.5,住宅,LS
横浜緑,142,25560000,1.0,1.5,住宅,W
横浜緑,139,22101000,1.0,1.5,住宅,W
横浜緑,148,26492000,1.0,1.5,住宅,RC
横浜緑,100,24500000,1.0,1.5,住宅,W
横浜緑,449,170620000,1.0,1.5,店舗兼共同住宅,RC
横浜緑,166,31208000,1.0,2.0,住宅,LS
横浜緑,132,27984000,1.0,2.0,住宅,W
横浜緑,100,24000000,1.0,2.0,住宅,W
横浜緑,156,33072000,1.0,2.0,住宅,W
横浜西,312,136656000,1.0,1.0,店舗兼共同住宅,RC
横浜西,170,67320000,1.0,1.0,店舗兼共同住宅,S
横浜西,107,27499000,1.0,1.5,住宅,W
横浜西,183,64965000,1.0,1.5,住宅,W
横浜西,96,34944000,1.0,1.5,住宅,W
横浜西,117,115830000,1.0,1.5,店舗、事務所兼住宅,SRC
横浜西,145,106865000,1.0,1.5,店舗兼共同住宅,S
横浜西,156,59280000,1.0,1.5,店舗兼共同住宅,RC
横浜西,103,33475000,1.0,1.5,事務所兼住宅,S
横浜西,137,38497000,1.0,2.0,住宅,LS
横浜西,79,23147000,1.0,2.0,住宅,W
横浜西,111,25641000,1.0,2.0,住宅,W
横浜西,164,58056000,1.0,2.0,診療所兼住宅,RC
横浜金沢,178,33286000,1.0,1.0,住宅,W
横浜金沢,170,27710000,1.0,1.0,住宅,W
横浜金沢,156,21996000,1.0,1.0,住宅,LS
横浜金沢,198,33264000,1.0,1.0,住宅,LS
横浜金沢,195,32175000,1.0,1.0,住宅,LS
横浜金沢,165,27390000,1.0,1.0,住宅,W
横浜金沢,184,29624000,1.0,1.0,住宅,W
横浜金沢,181,28236000,1.0,1.0,住宅,W
横浜金沢,253,40733000,1.0,1.2,住宅,W
横浜金沢,140,27440000,1.0,1.2,住宅,W
横浜金沢,187,33286000,1.0,1.2,住宅,W
横浜金沢,102,15096000,1.0,1.2,住宅,W
横浜金沢,221,43979000,1.0,1.2,住宅,W
横浜金沢,149,31737000,1.0,1.2,住宅,LS
横浜金沢,153,30906000,1.0,1.2,住宅,LS
横浜金沢,197,39203000,1.0,1.2,住宅,W
横浜金沢,96,19008000,1.0,1.5,住宅,W
横浜金沢,144,28656000,1.0,1.5,住宅,LS
横浜金沢,230,43010000,1.0,1.5,住宅,W
横浜金沢,256,50432000,1.0,1.5,住宅,W
横浜金沢,216,38664000,1.0,1.5,住宅,RC
横浜金沢,197,36839000,1.0,1.5,住宅,W
横浜青葉,217,70308000,1.2,1.0,住宅,W
横浜青葉,182,46774000,1.2,1.0,住宅,W
横浜青葉,255,62220000,1.5,1.0,住宅,W
横浜青葉,190,53770000,1.0,1.0,住宅,W
横浜青葉,182,48958000,1.0,1.0,住宅,W
横浜青葉,213,67095000,1.0,1.0,住宅,LS
横浜青葉,200,46200000,1.0,1.0,住宅,W
横浜青葉,205,53915000,1.0,1.2,住宅,LS
横浜青葉,233,74560000,1.0,1.2,住宅,W
横浜青葉,140,31080000,1.0,1.2,住宅,W
横浜青葉,280,99400000,1.0,1.2,住宅,W
横浜青葉,195,65520000,1.0,1.2,住宅,W
横浜青葉,165,53460000,1.0,1.2,住宅,W
横浜青葉,210,57120000,1.0,1.2,住宅,W
横浜青葉,154,38500000,1.0,1.2,住宅,W
横浜青葉,234,65286000,1.0,1.2,住宅,W
横浜青葉,203,78967000,1.0,1.5,住宅,LS
横浜青葉,160,46720000,1.0,1.5,住宅,W
横浜青葉,205,87535000,1.0,1.5,住宅,LS
横浜青葉,168,43008000,1.0,1.5,住宅,W
横浜青葉,208,54704000,1.0,1.5,住宅,W
横浜青葉,200,51600000,1.0,1.5,住宅,W
横浜青葉,221,63427000,1.0,1.5,住宅,W
横浜青葉,274,85488000,1.0,1.5,住宅,W
横浜青葉,148,34040000,1.0,2.0,住宅,W
横浜青葉,216,52272000,1.0,2.0,住宅,W
横浜青葉,197,50038000,1.0,2.0,住宅,W
横浜鶴見,162,33372000,1.2,1.0,住宅,LS
横浜鶴見,134,27738000,1.2,1.0,住宅,W
横浜鶴見,181,35838000,1.2,1.0,住宅,W
横浜鶴見,134,39530000,1.0,1.0,住宅,W
横浜鶴見,176,41008000,1.0,1.0,住宅,W
横浜鶴見,4263,1436631000,1.0,1.0,共同住宅,RC
横浜鶴見,141,43005000,1.0,1.0,住宅,RC
横浜鶴見,138,38640000,1.0,1.0,住宅,LS
横浜鶴見,87,22011000,1.0,1.0,住宅,W
横浜鶴見,132,36036000,1.0,1.2,住宅,S
横浜鶴見,145,37265000,1.0,1.2,住宅,W
横浜鶴見,113,31301000,1.0,1.5,住宅,W
横浜鶴見,108,30564000,1.0,1.5,店舗兼住宅,S
横浜鶴見,155,44485000,1.0,2.0,住宅,W
横浜鶴見,85,27200000,1.0,2.0,住宅,W
横浜鶴見,105,29295000,1.0,2.0,住宅,W
横浜鶴見,100,27800000,1.0,2.0,住宅,W
横浜鶴見,99,24552000,1.0,2.0,共同住宅,LS
横浜鶴見,274,84118000,1.0,2.0,店舗兼住宅,S
横浜鶴見,137,42059000,1.0,2.0,店舗、事務所兼共同住宅,S
横浜鶴見,120,39120000,1.0,2.0,店舗兼住宅,W
横浜鶴見,135,39960000,1.0,2.0,店舗兼共同住宅,S
横浜鶴見,234,74880000,1.0,2.5,住宅,W
横浜鶴見,100,22500000,1.0,2.5,住宅,W
横浜鶴見,122,31354000,1.0,3.0,住宅,S
横浜鶴見,115,41630000,1.0,3.0,店舗兼住宅,W
武蔵村山,148,21312000,1.0,1.0,住宅,W
武蔵村山,209,24453000,1.0,1.2,住宅,W
武蔵村山,113,14012000,1.0,1.5,住宅,W
武蔵村山,197,21079000,1.0,1.5,住宅,W
武蔵村山,148,16132000,1.0,1.5,住宅,W
武蔵村山,110,12540000,1.0,1.5,住宅,W
武蔵村山,118,14986000,1.0,1.5,店舗兼住宅,W
武蔵村山,113,17289000,1.0,2.0,住宅,W
武蔵村山,147,17052000,1.0,2.0,住宅,W
武蔵村山,99,11088000,1.0,2.0,住宅,W
武蔵村山,105,14175000,1.0,2.0,店舗兼住宅,S
武蔵野,186,79236000,1.2,1.0,住宅,W
武蔵野,287,151536000,1.2,1.0,共同住宅,S
武蔵野,142,88892000,1.0,1.0,店舗兼共同住宅,RC
武蔵野,130,48490000,1.0,1.2,住宅,W
武蔵野,346,239086000,1.0,1.2,事務所兼共同住宅,SRC
武蔵野,151,107965000,1.0,1.5,住宅,W
武蔵野,127,78867000,1.0,1.5,共同住宅,S
武蔵野,176,106304000,1.0,1.5,共同住宅,S
武蔵野,214,145734000,1.0,1.5,住宅,W
武蔵野,460,441140000,1.0,1.5,住宅,W
武蔵野,130,83460000,1.0,1.5,住宅,W
武蔵野,176,108240000,1.0,1.5,住宅,W
武蔵野,229,107859000,1.0,1.5,住宅,W
武蔵野,309,196833000,1.0,1.5,住宅,W
武蔵野,203,130326000,1.0,1.5,住宅,LS
武蔵野,131,75980000,1.0,1.5,住宅,W
武蔵野,178,86152000,1.0,1.5,住宅,W
武蔵野,163,110025000,1.0,1.5,住宅,W
武蔵野,182,129038000,1.0,1.5,店舗兼共同住宅,RC
江戸川,158,53088000,1.2,1.0,住宅,W
江戸川,60,23040000,1.2,1.0,住宅,W
江戸川,107,40553000,1.2,1.0,住宅,W
江戸川,67,26532000,1.5,1.0,住宅,W
江戸川,99,27918000,1.5,1.0,住宅兼事務所,W
江戸川,132,35772000,1.5,1.0,住宅,W
江戸川,100,38300000,1.5,1.0,住宅,LS
江戸川,1048,438064000,1.0,1.0,共同住宅,S
江戸川,112,49952000,1.0,1.0,店舗兼住宅,RC
江戸川,99,44253000,1.0,1.0,住宅,S
江戸川,94,36660000,1.0,1.0,住宅,S
江戸川,326,125184000,1.0,1.0,共同住宅,RC
江戸川,82,27388000,1.0,1.0,住宅,S
江戸川,77,24717000,1.0,1.2,住宅,W
江戸川,119,36771000,1.0,1.2,住宅,W
江戸川,165,52635000,1.0,1.2,住宅,LS
江戸川,78,26910000,1.0,1.2,住宅,W
江戸川,155,48670000,1.0,1.2,住宅,W
江戸川,78,29952000,1.0,1.5,住宅,W
江戸川,75,33300000,1.0,1.5,住宅,W
江戸川,99,33858000,1.0,1.5,住宅,LS
江戸川,131,41527000,1.0,1.5,共同住宅,W
江戸川,100,28300000,1.0,1.5,住宅,W
江戸川,170,69700000,1.0,1.5,住宅,W
江戸川,99,38907000,1.0,1.5,住宅,W
江戸川,69,20148000,1.0,1.5,住宅,W
江戸川,137,45758000,1.0,1.5,住宅,W
江戸川,109,44799000,1.0,1.5,住宅,W
江戸川,98,36162000,1.0,1.5,住宅,W
江戸川,165,54120000,1.0,1.5,住宅,LS
江戸川,191,59974000,1.0,1.5,住宅,W
江戸川,1249,512090000,1.0,1.5,共同住宅,RC
江戸川,437,207138000,1.0,1.5,共同住宅,S
江戸川,79,23542000,1.0,1.5,住宅,W
江戸川,136,60656000,1.0,1.5,共同住宅,S
江戸川,127,43307000,1.0,1.5,住宅,W
江戸川,561,212619000,1.0,1.5,共同住宅,LS
江戸川,197,90620000,1.0,1.5,店舗兼共同住宅,S
江戸川,346,159160000,1.0,1.5,事務所兼共同住宅,RC
江戸川,188,57716000,1.0,1.5,事務所、店舗兼住宅,S
江戸川,86,32078000,1.0,2.0,住宅,S
江戸川,115,47840000,1.0,2.0,住宅,S
江戸川,70,25900000,1.0,2.0,住宅,W
江戸川,92,35880000,1.0,2.0,住宅,W
江戸川,185,71595000,1.0,2.0,共同住宅,LS
江戸川,72,26640000,1.0,2.0,住宅,W
江戸川,76,26904000,1.0,2.0,住宅,W
江戸川,84,30660000,1.0,2.0,住宅,W
江戸川,101,33229000,1.0,2.0,住宅,W
江戸川,87,28710000,1.0,2.0,住宅,W
江戸川,122,47702000,1.0,2.0,住宅,W
江戸川,170,65790000,1.0,2.0,住宅,W
江戸川,148,59200000,1.0,2.0,店舗兼住宅,LS
江戸川,69,24012000,1.0,2.0,店舗兼共同住宅,S
江戸川,163,67156000,1.0,2.0,店舗、事務所兼共同住宅,RC
江戸川,100,31700000,1.0,2.5,住宅,W
江戸川,151,76557000,1.0,2.5,住宅,W
江戸川,109,37278000,1.0,2.5,住宅,W
江戸川,99,29106000,1.0,2.5,住宅,W
江戸川,126,47628000,1.0,3.0,住宅,W
江戸川,161,83720000,1.0,3.0,共同住宅,S
江東,109,39240000,1.2,1.0,住宅,W
江東,68,31076000,1.0,1.0,作業所兼住宅,S
江東,88,41800000,1.0,1.0,店舗兼共同住宅,S
江東,1885,974545000,1.0,1.2,共同住宅,RC
江東,1653,780216000,1.0,1.2,共同住宅,RC
江東,73,27959000,1.0,1.5,住宅,W
江東,75,27825000,1.0,1.5,住宅,W
江東,77,31801000,1.0,1.5,住宅,W
江東,159,66939000,1.0,1.5,倉庫、事務所兼住宅,S
江東,88,50600000,1.0,1.5,事務所、作業所兼住宅,S
江東,199,74625000,1.0,1.5,住宅,RC
江東,2314,1434680000,1.0,1.5,共同住宅,RC
江東,91,33579000,1.0,1.5,共同住宅,S
江東,140,125020000,1.0,1.5,事務所兼住宅,SRC
江東,108,67176000,1.0,1.5,事務所兼住宅,S
江東,80,42720000,1.0,1.5,店舗兼住宅,S
江東,166,94786000,1.0,2.0,共同住宅,RC
江東,47,20304000,1.0,2.0,住宅,W
江東,97,59073000,1.0,2.0,住宅,W
江東,1242,776250000,1.0,2.0,共同住宅,SRC
江東,1823,1403710000,1.0,2.0,共同住宅,RC
江東,116,64032000,1.0,2.0,店舗兼共同住宅,RC
江東,117,52533000,1.0,2.0,住宅,W
江東,205,107625000,1.0,2.0,店舗兼共同住宅,RC
江東,85,44370000,1.0,2.5,倉庫兼共同住宅,S
江東,198,121176000,1.0,2.5,事務所兼住宅,S
江東,52,33488000,1.0,2.5,店舗兼共同住宅,S
流山,139,13761000,1.2,1.0,住宅,W
流山,143,18876000,1.2,1.0,住宅,W
流山,141,20304000,1.5,1.0,住宅,LS
流山,203,28420000,1.0,1.0,住宅,LS
流山,208,28912000,1.0,1.0,住宅,W
流山,271,37669000,1.0,1.0,住宅,W
流山,186,24552000,1.0,1.2,住宅,W
流山,270,26460000,1.0,1.2,住宅,W
流山,147,26607000,1.0,1.2,住宅,LS
流山,150,20700000,1.0,1.5,住宅,W
流山,132,15444000,1.0,1.5,住宅,W
流山,135,17280000,1.0,1.5,住宅,LS
流山,192,19776000,1.0,1.5,住宅,LS
流山,280,27160000,1.0,1.5,住宅,LS
流山,102,11628000,1.0,1.5,住宅,W
流山,299,39767000,1.0,1.5,店舗兼住宅,W
流山,91,14833000,1.0,1.5,店舗兼住宅,S
流山,329,112847000,1.0,1.5,店舗兼共同住宅,RC
流山,145,16385000,1.0,2.0,住宅,W
流山,165,36630000,1.0,2.0,住宅,W
流山,180,29160000,1.0,2.0,住宅,W
流山,179,35084000,1.0,2.0,住宅,LS
流山,148,22496000,1.0,2.0,店舗兼住宅,RC
浦安,140,44800000,1.2,1.0,住宅,W
浦安,246,75276000,1.0,1.0,住宅,W
浦安,153,38403000,1.0,1.2,住宅,W
浦安,165,46035000,1.0,1.2,住宅,W
浦安,167,54275000,1.0,1.2,住宅,W
浦安,171,61560000,1.0,1.2,住宅,W
浦安,196,57232000,1.0,1.5,共同住宅,LS
浦安,70,19110000,1.0,2.0,住宅,W
浦安,198,53658000,1.0,2.0,住宅,W
浦安,146,42340000,1.0,2.0,住宅,LS
浦安,199,56516000,1.0,2.0,住宅,LS
浦安,165,59565000,1.0,2.5,住宅,LS
浦安,162,44550000,1.0,2.5,住宅,LS
浦安,184,53544000,1.0,2.5,住宅,W
清瀬,93,16833000,1.2,1.0,住宅,W
清瀬,212,35616000,1.0,1.0,住宅,W
清瀬,129,20769000,1.0,1.0,住宅,W
清瀬,173,48267000,1.0,1.2,住宅,LS
清瀬,133,30457000,1.0,1.2,住宅,W
清瀬,164,39524000,1.0,1.2,住宅,LS
清瀬,113,21470000,1.0,1.2,住宅,W
清瀬,197,53781000,1.0,1.2,店舗兼住宅,RC
清瀬,121,18755000,1.0,2.0,住宅,W
清瀬,100,13800000,1.0,2.0,住宅,W
渋谷,247,345800000,1.2,1.0,共同住宅,RC
渋谷,175,196000000,1.2,1.0,共同住宅,RC
渋谷,276,720360000,1.5,1.0,店舗、事務所兼共同住宅,S
渋谷,371,1164940000,1.5,1.0,店舗兼共同住宅,SRC
渋谷,141,135360000,1.0,1.0,共同住宅、住宅兼事務所,S
渋谷,137,194540000,1.0,1.0,住宅,W
渋谷,135,95850000,1.0,1.0,共同住宅,S
渋谷,297,377190000,1.0,1.0,住宅,W
渋谷,339,1528890000,1.0,1.0,事務所兼共同住宅,SRC
渋谷,399,534660000,1.0,1.0,事務所兼共同住宅,RC
渋谷,165,1551000000,1.0,1.0,店舗、事務所兼住宅,RC
渋谷,337,721180000,1.0,1.2,共同住宅,RC
渋谷,534,624780000,1.0,1.2,住宅兼車庫,W
渋谷,3089,8927210000,1.0,1.2,共同住宅,RC
渋谷,200,296000000,1.0,1.2,共同住宅,S
渋谷,393,589500000,1.0,1.2,共同住宅,RC
渋谷,80,73840000,1.0,1.2,住宅,W
渋谷,104,232960000,1.0,1.2,店舗、事務所兼住宅,RC
渋谷,362,825360000,1.0,1.2,店舗、事務所兼共同住宅,RC
渋谷,144,102096000,1.0,1.5,住宅兼共同住宅,S
渋谷,148,149480000,1.0,1.5,住宅,S
渋谷,181,169416000,1.0,1.5,住宅,W
渋谷,304,528960000,1.0,1.5,住宅,RC
渋谷,154,169400000,1.0,1.5,住宅,W
渋谷,101,107060000,1.0,1.5,店舗兼住宅,W
渋谷,321,526440000,1.0,1.5,店舗、事務所兼共同住宅,RC
渋谷,130,187200000,1.0,1.5,店舗兼共同住宅,RC
渋谷,181,233490000,1.0,2.0,住宅,LS
渋谷,143,227370000,1.0,2.0,共同住宅,RC
渋谷,251,296180000,1.0,2.0,住宅,RC
渋谷,198,227700000,1.0,2.0,共同住宅,S
渋谷,157,222940000,1.0,2.0,住宅,W
渋谷,85,110500000,1.0,2.0,店舗兼共同住宅,S
渋谷,192,783360000,1.0,2.0,店舗、事務所兼共同住宅,SRC
渋谷,187,230010000,1.0,2.0,店舗兼住宅,S
港,202,1098880000,1.2,1.0,店舗、事務所兼住宅,SRC
港,2208,15301440000,1.2,1.0,事務所、店舗兼共同住宅,S
港,633,1633140000,1.5,1.0,共同住宅,RC
港,188,282000000,1.5,1.0,共同住宅,RC
港,456,1199280000,1.0,1.0,共同住宅兼事務所,RC
港,143,148720000,1.0,1.0,住宅,LS
港,153,189720000,1.0,1.0,住宅兼車庫,W
港,331,549460000,1.0,1.0,共同住宅,RC
港,169,256880000,1.0,1.2,住宅兼車庫,RC
港,150,219000000,1.0,1.2,住宅,W
港,94,126900000,1.0,1.2,住宅,S
港,476,918680000,1.0,1.2,共同住宅兼店舗,RC
港,380,657400000,1.0,1.2,住宅,W
港,96,135360000,1.0,1.2,住宅,RC
港,935,3627800000,1.0,1.2,共同住宅兼診療所,SRC
港,81,125550000,1.0,1.2,事務所兼住宅,RC
港,2045,5746450000,1.0,1.5,共同住宅兼駐車場,RC
港,365,843150000,1.0,1.5,共同住宅,RC
港,163,335780000,1.0,1.5,住宅,RC
港,374,841500000,1.0,1.5,事務所兼共同住宅,SRC
港,254,381000000,1.0,1.5,住宅,RC
港,213,632610000,1.0,1.5,店舗、事務所兼住宅,SRC
港,173,370220000,1.0,2.0,共同住宅,RC
港,233,316880000,1.0,2.0,共同住宅,LS
港,278,517080000,1.0,2.0,共同住宅,RC
港,1157,1504100000,1.0,2.0,共同住宅,RC
港,363,722370000,1.0,2.0,共同住宅兼駐車場,RC
港,146,220460000,1.0,2.0,共同住宅,RC
港,104,338000000,1.0,2.0,共同住宅,RC
港,187,643280000,1.0,2.0,店舗、事務所兼住宅,SRC
港,212,504560000,1.0,2.0,店舗兼共同住宅,RC
港,106,265000000,1.0,2.0,診療所兼住宅,S
港,96,172800000,1.0,2.0,事務所兼共同住宅,SRC
港,85,242250000,1.0,2.0,店舗、事務所兼住宅,SRC
港,441,1142190000,1.0,2.0,事務所、店舗兼住宅,SRC
港,475,1277750000,1.0,2.0,店舗兼共同住宅,SRC
港,495,1019700000,1.0,2.0,店舗兼共同住宅,RC
港,288,385920000,1.0,2.5,共同住宅,RC
港,199,650730000,1.0,2.5,店舗、事務所兼住宅,SRC
港,3507,12800550000,2.0,1.0,共同住宅,RC
狛江,100,43200000,1.2,1.0,店舗兼共同住宅,S
狛江,211,62878000,1.0,1.0,住宅,LS
狛江,138,44160000,1.0,1.0,住宅,W
狛江,165,52800000,1.0,1.0,住宅,W
狛江,165,49005000,1.0,1.2,住宅,W
狛江,122,35258000,1.0,1.2,住宅,W
狛江,128,37376000,1.0,2.0,住宅,W
町田,117,18135000,1.2,1.0,住宅,W
町田,280,38080000,1.2,1.0,住宅,W
町田,126,19530000,1.2,1.0,住宅,W
町田,178,26344000,1.2,1.0,住宅,W
町田,164,29356000,1.2,1.0,住宅,W
町田,131,37466000,1.2,1.0,店舗兼住宅,W
町田,165,17820000,1.5,1.0,住宅,W
町田,224,26880000,1.5,1.0,住宅,RC
町田,157,21980000,1.0,1.0,住宅,W
町田,149,27267000,1.0,1.0,住宅,LS
町田,225,36450000,1.0,1.0,住宅,W
町田,236,47672000,1.0,1.0,住宅,LS
町田,209,31141000,1.0,1.0,住宅,W
町田,165,26235000,1.0,1.0,住宅,W
町田,188,28952000,1.0,1.0,住宅,W
町田,175,29925000,1.0,1.0,住宅,LS
町田,197,32505000,1.0,1.0,住宅,W
町田,256,36864000,1.0,1.0,住宅,W
町田,164,23616000,1.0,1.0,住宅,W
町田,215,48375000,1.0,1.2,住宅,W
町田,179,23628000,1.0,1.2,住宅,W
町田,408,63648000,1.0,1.2,住宅,W
町田,149,19817000,1.0,1.2,住宅,W
町田,245,53900000,1.0,1.2,住宅,W
町田,150,25650000,1.0,1.2,住宅,W
町田,165,49170000,1.0,1.2,住宅,RC
町田,225,34650000,1.0,1.2,住宅,W
町田,236,36816000,1.0,1.2,住宅,LS
町田,145,21605000,1.0,1.2,住宅,W
町田,200,35600000,1.0,1.2,住宅,W
町田,228,44004000,1.0,1.2,住宅,LS
町田,247,78299000,1.0,1.2,共同住宅,W
町田,204,28764000,1.0,1.2,住宅,W
町田,220,44440000,1.0,1.2,住宅,W
町田,137,14522000,1.0,1.2,住宅,W
町田,192,26496000,1.0,1.2,住宅,LS
町田,156,20124000,1.0,1.2,住宅,W
町田,189,27594000,1.0,1.2,住宅,W
町田,351,54054000,1.0,1.2,店舗兼共同住宅,SRC
町田,123,12669000,1.0,1.2,住宅,W
町田,132,17292000,1.0,1.2,住宅,W
町田,100,16000000,1.0,1.2,店舗兼住宅,W
町田,175,31150000,1.0,1.5,住宅,LS
町田,110,14630000,1.0,1.5,住宅,W
町田,106,11660000,1.0,1.5,住宅,W
町田,149,30992000,1.0,1.5,住宅,LS
町田,140,20160000,1.0,1.5,住宅,W
町田,130,18590000,1.0,1.5,住宅,LS
町田,215,31820000,1.0,1.5,住宅,LS
町田,149,21605000,1.0,1.5,住宅,W
町田,231,36267000,1.0,1.5,住宅,W
町田,148,19388000,1.0,1.5,住宅,W
町田,192,25920000,1.0,1.5,住宅,W
町田,230,33580000,1.0,1.5,住宅,W
町田,229,40991000,1.0,1.5,住宅,RC
町田,155,31620000,1.0,1.5,住宅,W
町田,178,27056000,1.0,1.5,住宅,W
町田,124,28520000,1.0,1.5,住宅,W
町田,151,18120000,1.0,1.5,住宅,W
町田,150,19200000,1.0,1.5,住宅,W
町田,136,113288000,1.0,1.5,住宅,W
町田,132,72468000,1.0,1.5,住宅,W
町田,153,19125000,1.0,1.5,住宅,W
町田,147,47334000,1.0,1.5,住宅,W
町田,288,47808000,1.0,1.5,店舗兼共同住宅,S
町田,209,62491000,1.0,2.0,住宅,W
町田,121,29645000,1.0,2.0,住宅,W
町田,165,37785000,1.0,2.0,住宅,W
町田,228,138396000,1.0,2.0,住宅,W
町田,157,36424000,1.0,2.0,店舗兼住宅,S
町田,159,17013000,1.0,2.5,住宅,W
町田,118,37288000,1.0,2.5,店舗兼共同住宅,S
白井,170,135320000,1.0,1.0,住宅,W
白井,172,109564000,1.0,1.5,住宅,W
白井,174,131022000,1.0,1.5,住宅,W
白井,117,46098000,1.0,2.0,住宅,W
目黒,137,127684000,1.2,1.0,住宅,W
目黒,933,881685000,1.2,1.0,共同住宅,RC
目黒,330,291390000,1.2,1.0,共同住宅,RC
目黒,400,524000000,1.5,1.0,共同住宅,RC
目黒,361,389880000,1.5,1.0,住宅,W
目黒,144,190080000,1.5,1.0,事務所兼共同住宅,SRC
目黒,308,348040000,1.0,1.0,住宅,RC
目黒,346,519000000,1.0,1.0,住宅,RC
目黒,1001,1091090000,1.0,1.0,共同住宅,SRC
目黒,376,281248000,1.0,1.0,共同住宅兼事務所,S
目黒,93,79887000,1.0,1.0,店舗兼共同住宅,RC
目黒,245,225645000,1.0,1.2,共同住宅,RC
目黒,279,230733000,1.0,1.2,店舗兼共同住宅,S
目黒,86,83678000,1.0,1.2,店舗兼共同住宅,S
目黒,193,160190000,1.0,1.5,住宅,W
目黒,111,73704000,1.0,1.5,住宅,W
目黒,161,151018000,1.0,1.5,住宅,W
目黒,203,167881000,1.0,1.5,住宅,LS
目黒,273,217308000,1.0,1.5,共同住宅,RC
目黒,115,94415000,1.0,1.5,住宅,W
目黒,185,165575000,1.0,1.5,住宅,W
目黒,255,216495000,1.0,1.5,店舗兼共同住宅,RC
目黒,125,131250000,1.0,1.5,店舗、事務所兼共同住宅,SRC
目黒,82,69782000,1.0,1.5,店舗兼共同住宅,RC
目黒,89,83927000,1.0,1.5,店舗兼共同住宅,RC
目黒,330,319110000,1.0,2.0,住宅,RC
目黒,198,173646000,1.0,2.0,住宅,W
目黒,681,1035120000,1.0,2.0,共同住宅,RC
目黒,263,270890000,1.0,2.0,住宅,W
目黒,167,134769000,1.0,2.0,住宅,W
目黒,164,127756000,1.0,2.0,住宅,W
目黒,298,271478000,1.0,2.0,作業所、住宅兼共同住宅,RC
目黒,142,100536000,1.0,2.0,共同住宅,LS
目黒,186,208320000,1.0,2.0,店舗兼共同住宅,RC
目黒,125,93500000,1.0,2.0,住宅,W
目黒,276,214176000,1.0,2.0,事務所兼共同住宅,RC
目黒,143,117260000,1.0,2.0,住宅,W
目黒,145,127165000,1.0,2.0,店舗兼共同住宅,RC
福生,268,84688000,1.0,1.0,店舗兼共同住宅,S
福生,155,23560000,1.0,1.5,住宅,W
福生,97,13483000,1.0,1.5,住宅,W
福生,123,21525000,1.0,2.0,住宅,W
福生,102,17340000,1.0,2.0,住宅,W
稲城,117,28431000,1.2,1.0,共同住宅,W
稲城,132,36168000,1.2,1.0,住宅,W
稲城,184,48392000,1.2,1.0,住宅,W
稲城,191,40683000,1.2,1.0,住宅,W
稲城,134,33902000,1.5,1.0,住宅,W
稲城,210,63000000,1.5,1.0,共同住宅,S
稲城,220,60060000,1.5,1.0,住宅,RC
稲城,121,33880000,1.5,1.0,店舗兼共同住宅,RC
稲城,209,44517000,1.0,1.0,住宅,LS
稲城,200,40600000,1.0,1.0,住宅,W
稲城,112,27552000,1.0,1.2,住宅,W
稲城,111,29526000,1.0,1.2,住宅,W
稲城,108,29916000,1.0,1.5,共同住宅,W
稲城,115,30130000,1.0,1.5,住宅,W
稲城,138,37260000,1.0,1.5,共同住宅,W
稲城,102,19278000,1.0,1.5,住宅,W
稲城,90,18990000,1.0,1.5,住宅,W
稲城,105,28455000,1.0,1.5,住宅,LS
稲城,158,42660000,1.0,2.0,共同住宅,S
立川,130,22620000,1.5,1.0,住宅,W
立川,193,36091000,1.5,1.0,住宅,W
立川,165,56100000,1.0,1.0,住宅,W
立川,165,47355000,1.0,1.0,住宅,W
立川,146,44530000,1.0,1.0,住宅,W
立川,115,32085000,1.0,1.0,住宅,W
立川,116,31900000,1.0,1.0,事業所兼住宅,W
立川,118,30208000,1.0,1.0,住宅,W
立川,231,91476000,1.0,1.2,店舗兼共同住宅,RC
立川,100,23300000,1.0,1.5,住宅,W
立川,130,25090000,1.0,1.5,住宅,W
立川,226,38646000,1.0,1.5,住宅,W
立川,110,31240000,1.0,1.5,住宅,LS
立川,181,43802000,1.0,1.5,住宅,W
立川,101,21715000,1.0,1.5,住宅,W
立川,170,33320000,1.0,1.5,住宅,W
立川,122,22936000,1.0,1.5,住宅,W
立川,489,128118000,1.0,1.5,共同住宅,RC
立川,96,22656000,1.0,1.5,住宅,W
立川,99,35145000,1.0,1.5,店舗兼共同住宅,SRC
立川,1147,391127000,1.0,2.0,共同住宅,RC
立川,136,40664000,1.0,2.0,住宅,W
立川,143,25740000,1.0,2.0,住宅,W
立川,143,19877000,1.0,2.0,住宅,W
立川,103,26368000,1.0,2.0,住宅,W
立川,171,62244000,1.0,2.0,住宅,LS
立川,110,26840000,1.0,2.0,住宅,W
立川,200,59800000,1.0,2.0,店舗、工場兼共同住宅等,S
練馬,139,55183000,1.2,1.0,住宅,W
練馬,185,71965000,1.2,1.0,住宅,W
練馬,176,78496000,1.2,1.0,住宅兼共同住宅,W
練馬,104,44408000,1.2,1.0,住宅,W
練馬,165,72435000,1.2,1.0,住宅,W
練馬,165,71445000,1.2,1.0,住宅,W
練馬,170,62390000,1.2,1.0,住宅,W
練馬,110,40590000,1.2,1.0,住宅,W
練馬,79,30494000,1.2,1.0,住宅,W
練馬,177,65136000,1.2,1.0,住宅,W
練馬,191,83085000,1.5,1.0,住宅,W
練馬,174,64206000,1.5,1.0,住宅,W
練馬,117,49842000,1.0,1.0,住宅,W
練馬,165,71940000,1.0,1.0,住宅,W
練馬,130,50050000,1.0,1.0,住宅,W
練馬,144,70416000,1.0,1.0,住宅,LS
練馬,123,51537000,1.0,1.0,住宅,W
練馬,166,67230000,1.0,1.0,住宅,W
練馬,132,56760000,1.0,1.0,住宅,W
練馬,99,33858000,1.0,1.0,住宅,W
練馬,121,43076000,1.0,1.2,住宅,W
練馬,110,34430000,1.0,1.2,住宅,W
練馬,199,97709000,1.0,1.2,住宅,W
練馬,110,30800000,1.0,1.2,住宅,W
練馬,198,84942000,1.0,1.2,住宅,W
練馬,168,69048000,1.0,1.2,住宅,W
練馬,168,67536000,1.0,1.2,住宅,W
練馬,143,60775000,1.0,1.2,住宅,W
練馬,110,45540000,1.0,1.2,住宅,W
練馬,100,43600000,1.0,1.2,住宅,W
練馬,113,38194000,1.0,1.2,住宅,W
練馬,201,72360000,1.0,1.2,住宅,W
練馬,185,86950000,1.0,1.2,車庫、事務所兼共同住宅,RC
練馬,112,44912000,1.0,1.2,共同住宅,RC
練馬,173,79407000,1.0,1.2,住宅,W
練馬,121,45133000,1.0,1.2,住宅,LS
練馬,104,37544000,1.0,1.2,住宅,S
練馬,163,58354000,1.0,1.2,住宅,W
練馬,110,43230000,1.0,1.2,住宅,W
練馬,108,38124000,1.0,1.2,住宅,W
練馬,165,64515000,1.0,1.2,住宅,W
練馬,270,138240000,1.0,1.2,店舗兼共同住宅,RC
練馬,370,231250000,1.0,1.2,店舗兼共同住宅,SRC
練馬,194,104372000,1.0,1.2,店舗兼共同住宅,RC
練馬,110,39710000,1.0,1.5,住宅,W
練馬,165,74745000,1.0,1.5,住宅,RC
練馬,136,45288000,1.0,1.5,住宅,W
練馬,115,43240000,1.0,1.5,住宅兼事務所,W
練馬,196,89964000,1.0,1.5,住宅,W
練馬,143,56771000,1.0,1.5,住宅,W
練馬,150,51750000,1.0,1.5,住宅,W
練馬,110,44110000,1.0,1.5,住宅,S
練馬,112,37296000,1.0,1.5,住宅,W
練馬,150,48750000,1.0,1.5,住宅,W
練馬,145,57710000,1.0,1.5,住宅,W
練馬,99,39798000,1.0,1.5,住宅,W
練馬,132,69036000,1.0,1.5,住宅,W
練馬,132,55968000,1.0,1.5,住宅,W
練馬,133,60648000,1.0,1.5,住宅,W
練馬,186,75516000,1.0,1.5,住宅,LS
練馬,110,41250000,1.0,1.5,住宅,W
練馬,180,95940000,1.0,1.5,住宅,W
練馬,91,33943000,1.0,1.5,住宅,W
練馬,108,44280000,1.0,1.5,住宅,W
練馬,130,55380000,1.0,1.5,住宅,W
練馬,452,203400000,1.0,1.5,共同住宅,RC
練馬,133,69293000,1.0,1.5,店舗兼共同住宅,S
練馬,190,46930000,1.0,2.0,住宅,W
練馬,125,52625000,1.0,2.0,住宅,W
練馬,236,114696000,1.0,2.0,共同住宅,RC
練馬,179,90753000,1.0,2.0,共同住宅,W
練馬,138,63204000,1.0,2.0,住宅,RC
練馬,108,42876000,1.0,2.0,住宅,LS
練馬,100,40000000,1.0,2.0,住宅,W
練馬,133,61313000,1.0,2.0,住宅,W
練馬,134,44622000,1.0,2.0,住宅,W
練馬,175,78750000,1.0,2.0,共同住宅,LS
練馬,374,157828000,1.0,2.0,作業所兼共同住宅,S
練馬,132,67980000,1.0,2.5,店舗兼住宅,W
練馬,185,125430000,1.0,3.0,店舗兼共同住宅,S
練馬,96,59616000,1.0,3.0,店舗兼住宅,S
羽村,121,16698000,1.2,1.0,住宅,W
羽村,137,19591000,1.0,1.0,住宅,LS
羽村,116,14036000,1.0,1.0,住宅,W
羽村,134,22646000,1.0,1.5,住宅,LS
習志野,234,73710000,1.2,1.0,共同住宅,S
習志野,272,45424000,1.2,1.0,住宅,W
習志野,225,49500000,1.0,1.0,住宅,W
習志野,231,34188000,1.0,1.2,住宅,W
習志野,120,18840000,1.0,1.2,住宅,W
習志野,135,19845000,1.0,1.2,住宅,W
習志野,171,29241000,1.0,1.2,住宅,LS
習志野,170,26350000,1.0,1.2,住宅,W
習志野,169,24843000,1.0,1.5,住宅,W
習志野,132,22044000,1.0,1.5,住宅,W
習志野,198,24750000,1.0,1.5,住宅,LS
習志野,132,22176000,1.0,2.0,住宅,W
習志野,181,21720000,1.0,2.0,住宅,W
習志野,120,16320000,1.0,2.0,住宅,W
習志野,101,11514000,1.0,2.0,住宅,W
習志野,112,16800000,1.0,2.0,住宅,W
習志野,2402,984820000,1.0,2.0,共同住宅,RC
船橋,106,22472000,1.2,1.0,住宅,LS
船橋,161,16100000,1.2,1.0,住宅,W
船橋,393,123009000,1.2,1.0,診療所兼住宅,W
船橋,175,54775000,1.2,1.0,住宅,W
船橋,162,24462000,1.2,1.0,住宅,W
船橋,207,30429000,1.2,1.0,住宅,LS
船橋,139,15568000,1.2,1.0,住宅,W
船橋,264,48576000,1.2,1.0,住宅,W
船橋,122,13786000,1.2,1.0,住宅,W
船橋,75,12450000,1.2,1.0,住宅,W
船橋,125,9250000,1.5,1.0,住宅,W
船橋,155,24800000,1.5,1.0,住宅,W
船橋,113,32205000,1.0,1.0,住宅,W
船橋,153,29070000,1.0,1.0,住宅,LS
船橋,232,37352000,1.0,1.0,住宅,LS
船橋,160,16160000,1.0,1.0,住宅,W
船橋,168,26376000,1.0,1.0,住宅,W
船橋,152,16112000,1.0,1.0,住宅,W
船橋,165,9240000,1.0,1.0,住宅,W
船橋,165,30855000,1.0,1.0,住宅,W
船橋,152,23408000,1.0,1.0,住宅,LS
船橋,185,19425000,1.0,1.0,住宅,W
船橋,169,36166000,1.0,1.0,住宅,W
船橋,327,38259000,1.0,1.0,住宅,W
船橋,165,20295000,1.0,1.0,住宅,LS
船橋,176,41184000,1.0,1.2,住宅,W
船橋,99,16830000,1.0,1.2,住宅,W
船橋,132,29964000,1.0,1.2,住宅,W
船橋,171,19494000,1.0,1.2,住宅,W
船橋,100,26700000,1.0,1.2,住宅,W
船橋,197,63434000,1.0,1.2,住宅,LS
船橋,185,45325000,1.0,1.2,住宅,W
船橋,148,22200000,1.0,1.2,住宅,W
船橋,158,98750000,1.0,1.2,住宅,W
船橋,369,139113000,1.0,1.2,店舗兼共同住宅,RC
船橋,205,70315000,1.0,1.2,店舗兼共同住宅,S
船橋,230,134320000,1.0,1.2,店舗、事務所兼住宅,SRC
船橋,100,22700000,1.0,1.5,住宅,W
船橋,163,20864000,1.0,1.5,住宅,W
船橋,132,37224000,1.0,1.5,住宅,W
船橋,99,10296000,1.0,1.5,住宅,W
船橋,146,15184000,1.0,1.5,住宅,LS
船橋,164,28536000,1.0,1.5,住宅,LS
船橋,115,11615000,1.0,1.5,住宅,W
船橋,157,13816000,1.0,1.5,住宅,LS
船橋,198,48114000,1.0,1.5,住宅,W
船橋,198,32076000,1.0,1.5,住宅,W
船橋,240,32640000,1.0,1.5,住宅,W
船橋,224,41888000,1.0,1.5,住宅,W
船橋,132,30888000,1.0,1.5,住宅,W
船橋,146,30660000,1.0,1.5,住宅,W
船橋,228,32832000,1.0,1.5,住宅,W
船橋,151,34126000,1.0,1.5,住宅,W
船橋,204,36108000,1.0,1.5,住宅,W
船橋,2054,589498000,1.0,1.5,共同住宅,RC
船橋,113,16159000,1.0,1.5,住宅,W
船橋,169,19435000,1.0,1.5,住宅,W
船橋,134,28408000,1.0,1.5,住宅,W
船橋,100,22600000,1.0,1.5,住宅,W
船橋,203,30044000,1.0,1.5,住宅,W
船橋,82,21648000,1.0,1.5,店舗兼住宅,S
船橋,123,41328000,1.0,1.5,店舗兼共同住宅,RC
船橋,165,57750000,1.0,2.0,住宅,W
船橋,151,48018000,1.0,2.0,住宅,W
船橋,148,119584000,1.0,2.0,住宅,LS
船橋,154,28490000,1.0,2.0,住宅,LS
船橋,231,32571000,1.0,2.0,住宅,W
船橋,132,37356000,1.0,2.0,住宅,W
船橋,165,26400000,1.0,2.0,住宅,W
船橋,329,131271000,1.0,2.0,住宅,W
船橋,104,96200000,1.0,2.0,住宅,W
船橋,253,106260000,1.0,2.0,店舗兼共同住宅,RC
船橋,235,110450000,1.0,2.0,店舗、事務所兼共同住宅,S
船橋,77,11165000,1.0,2.0,店舗兼住宅,W
船橋,199,65073000,1.0,2.0,店舗兼共同住宅,RC
船橋,132,36828000,1.0,2.5,住宅,W
茂原,218,65618000,1.0,1.0,住宅,W
茂原,219,63948000,1.0,1.0,住宅,W
荒川,118,60888000,1.2,1.0,事業所、共同住宅兼住宅,S
荒川,355,143420000,1.2,1.0,共同住宅,RC
荒川,117,230490000,1.0,1.0,店舗兼住宅,RC
荒川,162,74196000,1.0,1.2,住宅兼共同住宅,RC
荒川,92,50876000,1.0,1.2,店舗兼住宅,W
荒川,101,45147000,1.0,1.5,事務所兼共同住宅,S
荒川,116,52780000,1.0,1.5,住宅,W
荒川,109,57443000,1.0,1.5,事務所兼住宅,S
荒川,163,71231000,1.0,1.5,住宅,LS
荒川,168,139608000,1.0,1.5,店舗、事務所兼共同住宅,SRC
荒川,1037,601460000,1.0,2.0,共同住宅,RC
荒川,99,50193000,1.0,2.0,住宅,LS
荒川,97,55775000,1.0,2.0,店舗兼共同住宅,RC
荒川,93,50592000,1.0,2.0,店舗兼共同住宅,S
荒川,147,82614000,1.0,2.5,作業所兼住宅,S
荒川,74,39812000,1.0,3.0,店舗兼住宅,S
葛飾,87,29580000,1.0,1.0,住宅,W
葛飾,100,33600000,1.0,1.0,住宅,W
葛飾,193,75849000,1.0,1.2,住宅,W
葛飾,94,26414000,1.0,1.2,住宅,W
葛飾,3049,978729000,1.0,1.2,共同住宅,RC
葛飾,107,34989000,1.0,1.2,住宅,W
葛飾,173,59166000,1.0,1.2,住宅,LS
葛飾,97,27742000,1.0,1.2,工場兼住宅,S
葛飾,91,34944000,1.0,1.2,住宅,W
葛飾,138,50646000,1.0,1.2,住宅,W
葛飾,104,30992000,1.0,1.2,住宅,W
葛飾,140,37520000,1.0,1.2,住宅,W
葛飾,219,67452000,1.0,1.5,住宅,W
葛飾,158,52614000,1.0,1.5,住宅,W
葛飾,100,36700000,1.0,1.5,住宅,W
葛飾,132,63624000,1.0,1.5,住宅,W
葛飾,109,30629000,1.0,1.5,住宅,W
葛飾,98,43218000,1.0,1.5,住宅兼事務所,S
葛飾,117,37206000,1.0,1.5,住宅,W
葛飾,100,35800000,1.0,1.5,住宅,W
葛飾,149,40081000,1.0,1.5,共同住宅,W
葛飾,123,35916000,1.0,1.5,住宅,W
葛飾,112,42336000,1.0,2.0,住宅,W
葛飾,125,41000000,1.0,2.0,住宅,S
葛飾,163,51345000,1.0,2.0,住宅,W
葛飾,148,38628000,1.0,2.0,住宅,S
葛飾,165,55770000,1.0,2.0,共同住宅,W
葛飾,181,68780000,1.0,2.0,共同住宅,S
葛飾,112,37184000,1.0,2.0,住宅,W
葛飾,122,34404000,1.0,2.0,工場兼住宅,S
葛飾,127,42291000,1.0,2.0,住宅,LS
葛飾,160,65600000,1.0,2.0,共同住宅,W
葛飾,109,35207000,1.0,2.0,住宅,W
葛飾,157,47257000,1.0,2.0,住宅兼倉庫,RC
葛飾,145,46980000,1.0,2.0,住宅,W
葛飾,90,31950000,1.0,2.0,住宅,W
葛飾,83,24817000,1.0,2.0,店舗兼住宅,S
葛飾,148,57276000,1.0,2.0,店舗兼共同住宅,RC
葛飾,87,33756000,1.0,2.0,店舗兼住宅,S
葛飾,181,67875000,1.0,2.0,店舗、事務所兼共同住宅等,RC
葛飾,77,24178000,1.0,2.5,住宅,W
葛飾,64,16064000,1.0,2.5,住宅,W
葛飾,67,31490000,1.0,3.0,店舗兼住宅,S
袖ケ浦,351,106704000,1.0,1.2,住宅,W
袖ケ浦,209,84645000,1.0,1.2,住宅,W
袖ケ浦,396,98604000,1.0,1.2,住宅,W
袖ケ浦,165,117975000,1.0,1.5,住宅,W
袖ケ浦,170,107610000,1.0,1.5,住宅,W
袖ケ浦,204,136068000,1.0,2.0,住宅,W
袖ケ浦,234,143208000,1.0,2.0,住宅,W
西東京,116,33872000,1.2,1.0,住宅,W
西東京,114,31008000,1.2,1.0,住宅,W
西東京,138,38640000,1.2,1.0,住宅,W
西東京,110,31900000,1.0,1.0,住宅,LS
西東京,127,36576000,1.0,1.0,住宅,W
西東京,127,39243000,1.0,1.0,住宅,W
西東京,142,38624000,1.0,1.0,住宅,W
西東京,173,53284000,1.0,1.0,共同住宅,LS
西東京,204,64056000,1.0,1.0,住宅,LS
西東京,115,30935000,1.0,1.0,住宅,W
西東京,92,27600000,1.0,1.0,事務所、倉庫兼住宅,S
西東京,136,37672000,1.0,1.2,住宅,W
西東京,147,40425000,1.0,1.2,住宅,W
西東京,67,20368000,1.0,1.2,住宅,W
西東京,198,55044000,1.0,1.2,住宅,LS
西東京,165,52965000,1.0,1.2,住宅,W
西東京,194,58200000,1.0,1.5,住宅,W
西東京,165,38940000,1.0,1.5,住宅,W
西東京,146,48764000,1.0,1.5,住宅,LS
西東京,396,150876000,1.0,2.0,住宅,RC
西東京,208,62608000,1.0,2.0,住宅,LS
西東京,116,33988000,1.0,2.0,住宅,W
西東京,77,29337000,1.0,2.0,店舗兼住宅,S
調布,153,40239000,1.2,1.0,住宅,W
調布,196,110936000,1.2,1.0,共同住宅,RC
調布,255,82620000,1.2,1.0,住宅,LS
調布,208,57408000,1.2,1.0,住宅,W
調布,187,63393000,1.2,1.0,店舗兼共同住宅,RC
調布,132,51480000,1.2,1.0,店舗兼住宅,LS
調布,145,43935000,1.5,1.0,住宅,W
調布,155,46965000,1.5,1.0,共同住宅,W
調布,146,53728000,1.0,1.0,住宅,LS
調布,238,85204000,1.0,1.0,住宅,W
調布,146,49932000,1.0,1.0,住宅,W
調布,112,43904000,1.0,1.0,住宅,W
調布,142,41464000,1.0,1.0,住宅,W
調布,140,41440000,1.0,1.0,住宅,W
調布,208,73008000,1.0,1.2,住宅,W
調布,201,59898000,1.0,1.2,住宅,LS
調布,139,44063000,1.0,1.2,住宅,W
調布,98,33026000,1.0,1.2,住宅,W
調布,128,50176000,1.0,1.5,住宅,W
調布,174,59682000,1.0,1.5,住宅,W
調布,198,81180000,1.0,1.5,住宅兼共同住宅,LS
調布,179,65335000,1.0,1.5,住宅,W
調布,165,66660000,1.0,1.5,住宅,W
調布,102,38352000,1.0,1.5,住宅,W
調布,139,52681000,1.0,1.5,住宅,LS
調布,124,44764000,1.0,1.5,住宅,W
調布,132,46464000,1.0,1.5,住宅,W
調布,115,44850000,1.0,1.5,住宅,W
調布,163,62429000,1.0,1.5,住宅,W
調布,205,71135000,1.0,1.5,住宅,W
調布,573,206853000,1.0,1.5,共同住宅,RC
豊島,307,285203000,1.5,1.0,共同住宅,RC
豊島,117,115011000,1.5,1.0,店舗、事務所兼共同住宅等,S
豊島,194,140650000,1.0,1.0,住宅,S
豊島,495,455400000,1.0,1.0,店舗兼共同住宅,RC
豊島,279,435240000,1.0,1.0,事務所兼住宅,SRC
豊島,125,107125000,1.0,1.2,住宅,W
豊島,214,188320000,1.0,1.2,住宅,RC
豊島,135,71415000,1.0,1.2,住宅,W
豊島,80,42320000,1.0,1.2,住宅,W
豊島,198,129492000,1.0,1.2,住宅,RC
豊島,108,62424000,1.0,1.2,共同住宅,RC
豊島,103,58813000,1.0,1.2,住宅,S
豊島,127,69342000,1.0,1.2,住宅,RC
豊島,210,241500000,1.0,1.2,店舗兼共同住宅,RC
豊島,115,67735000,1.0,1.5,共同住宅,W
豊島,187,123981000,1.0,1.5,住宅,LS
豊島,188,116748000,1.0,1.5,共同住宅,RC
豊島,132,73920000,1.0,1.5,住宅,W
豊島,113,83055000,1.0,1.5,店舗兼住宅,S
豊島,180,100800000,1.0,1.5,店舗兼住宅,RC
豊島,404,292496000,1.0,2.0,住宅,LS
豊島,73,45260000,1.0,2.0,住宅,W
豊島,138,97290000,1.0,2.0,住宅,W
豊島,112,62608000,1.0,2.0,住宅,W
豊島,162,124254000,1.0,2.0,店舗兼共同住宅,RC
豊島,95,60895000,1.0,2.0,店舗兼共同住宅,S
豊島,74,46916000,1.0,2.0,事務所兼住宅,S
豊島,146,74752000,1.0,3.0,事務所兼住宅,W
豊島,115,62675000,1.0,3.0,住宅兼共同住宅,RC
豊島,137,83570000,1.0,3.0,店舗兼共同住宅,S
足立,146,34894000,1.2,1.0,住宅,W
足立,120,30000000,1.2,1.0,住宅兼作業所,W
足立,119,30226000,1.2,1.0,住宅,W
足立,114,40584000,1.2,1.0,住宅,W
足立,131,36549000,1.2,1.0,店舗兼共同住宅,S
足立,231,85470000,1.5,1.0,住宅,W
足立,198,39204000,1.5,1.0,事務所兼共同住宅,S
足立,150,54300000,1.5,1.0,住宅,W
足立,613,564573000,1.5,1.0,共同住宅,SRC
足立,100,24400000,1.5,1.0,住宅,W
足立,254,103378000,1.5,1.0,住宅,W
足立,122,169580000,1.5,1.0,店舗、事務所兼住宅等,S
足立,105,28140000,1.0,1.0,住宅,W
足立,120,36840000,1.0,1.0,住宅,W
足立,187,49368000,1.0,1.0,住宅,S
足立,134,47704000,1.0,1.0,住宅,W
足立,82,25502000,1.0,1.0,住宅,W
足立,110,34650000,1.0,1.0,住宅,W
足立,211,69841000,1.0,1.0,住宅,S
足立,134,34706000,1.0,1.0,住宅,W
足立,132,34320000,1.0,1.0,住宅,W
足立,3594,1272276000,1.0,1.0,共同住宅,SRC
足立,173,66432000,1.0,1.0,店舗兼共同住宅,S
足立,99,27225000,1.0,1.2,住宅,W
足立,109,47415000,1.0,1.2,住宅,W
足立,166,60922000,1.0,1.2,住宅,W
足立,126,36792000,1.0,1.2,住宅,W
足立,109,34771000,1.0,1.2,住宅,W
足立,167,47094000,1.0,1.2,住宅,W
足立,113,59551000,1.0,1.2,住宅,W
足立,126,32382000,1.0,1.2,住宅,W
足立,123,36039000,1.0,1.2,住宅,W
足立,7367,3462490000,1.0,1.2,共同住宅,RC
足立,260,91000000,1.0,1.2,店舗兼共同住宅,S
足立,141,51324000,1.0,1.2,店舗、事務所兼住宅,S
足立,105,26040000,1.0,1.5,住宅,W
足立,147,34251000,1.0,1.5,住宅兼作業所,W
足立,101,35249000,1.0,1.5,住宅,W
足立,156,44772000,1.0,1.5,住宅,LS
足立,101,25452000,1.0,1.5,住宅,W
足立,118,51684000,1.0,1.5,住宅,RC
足立,99,22869000,1.0,1.5,住宅,S
足立,132,37488000,1.0,1.5,住宅,W
足立,116,36656000,1.0,1.5,住宅,S
足立,205,80155000,1.0,1.5,住宅,S
足立,140,41440000,1.0,1.5,住宅,S
足立,198,47124000,1.0,1.5,住宅,S
足立,176,48224000,1.0,1.5,住宅,W
足立,136,32504000,1.0,1.5,住宅,W
足立,93,31062000,1.0,1.5,住宅,S
足立,185,46435000,1.0,1.5,共同住宅,W
足立,567,250614000,1.0,1.5,店舗兼共同住宅,SRC
足立,184,86664000,1.0,1.5,事務所兼住宅,S
足立,420,115920000,1.0,1.5,店舗兼共同住宅,S
足立,123,29274000,1.0,1.5,店舗兼共同住宅,S
足立,264,90024000,1.0,2.0,住宅,W
足立,69,21597000,1.0,2.0,住宅,W
足立,165,54780000,1.0,2.0,住宅,W
足立,101,26563000,1.0,2.0,住宅,W
足立,198,69300000,1.0,2.0,住宅,S
足立,133,34580000,1.0,2.0,住宅,W
足立,170,56950000,1.0,2.0,住宅,RC
足立,99,32868000,1.0,2.0,住宅,S
足立,182,75894000,1.0,2.0,店舗兼共同住宅,SRC
足立,198,49698000,1.0,2.0,店舗兼住宅,S
足立,141,31020000,1.0,2.5,倉庫兼住宅,S
足立,134,31088000,1.0,2.5,住宅,W
足立,94,24440000,1.0,2.5,住宅,W
足立,83,49219000,1.0,3.0,店舗兼住宅,W
足立,165,44550000,2.0,1.0,住宅,LS
足立,334,83500000,2.0,1.0,共同住宅,S
足立,95,52250000,2.0,1.0,事務所兼共同住宅,S
野田,182,118846000,1.2,1.0,住宅,RC
野田,154,95942000,1.5,1.0,住宅,W
野田,180,61380000,1.0,1.0,住宅,W
野田,183,104127000,1.0,1.0,住宅,W
野田,167,92852000,1.0,1.2,住宅,W
野田,186,107694000,1.0,1.2,住宅,W
野田,168,33096000,1.0,1.2,住宅,LS
野田,146,96506000,1.0,1.2,住宅,W
野田,114,68628000,1.0,1.2,住宅,W
野田,165,90585000,1.0,1.2,住宅,W
野田,286,58344000,1.0,1.2,住宅,W
野田,170,107780000,1.0,1.2,住宅,W
野田,156,68796000,1.0,1.5,住宅,LS
野田,132,65868000,1.0,1.5,住宅,W
野田,298,80162000,1.0,1.5,住宅,W
野田,157,105818000,1.0,2.0,住宅,W
野田,132,100716000,1.0,2.5,住宅,W
銚子,155,77035000,1.0,1.5,住宅,W
銚子,198,76824000,1.0,2.0,住宅,W
銚子,119,45934000,1.0,2.0,店舗兼住宅,S
鎌ケ谷,134,19698000,1.2,1.0,住宅,W
鎌ケ谷,105,9555000,1.5,1.0,住宅,W
鎌ケ谷,132,11088000,1.5,1.0,住宅,W
鎌ケ谷,930,117180000,1.5,1.0,店舗兼共同住宅,RC
鎌ケ谷,138,15870000,1.0,1.0,住宅,W
鎌ケ谷,201,20301000,1.0,1.2,住宅,W
鎌ケ谷,140,14000000,1.0,1.2,住宅,W
鎌ケ谷,137,11097000,1.0,1.5,住宅,W
鎌ケ谷,138,104328000,1.0,1.5,住宅,W
鎌ケ谷,102,9690000,1.0,2.0,住宅,W
鎌ケ谷,161,36708000,1.0,2.0,店舗、共同住宅兼事務所,S
青梅,155,69440000,1.0,1.0,住宅,RC
青梅,127,56896000,1.0,1.0,住宅,W
青梅,198,119790000,1.0,1.2,住宅,W
青梅,162,122634000,1.0,1.2,住宅,W
青梅,165,28710000,1.0,1.5,住宅,W
青梅,79,12640000,1.0,1.5,住宅,W
青梅,161,20769000,1.0,1.5,住宅,W
青梅,366,118950000,1.0,1.5,住宅,W
青梅,121,18634000,1.0,1.5,住宅,W
青梅,119,12971000,1.0,1.5,住宅,W
青梅,113,12091000,1.0,1.5,住宅,W
青梅,120,13920000,1.0,1.5,住宅,W
青梅,121,16214000,1.0,1.5,住宅,W
青梅,115,19435000,1.0,1.5,住宅,W
青梅,135,56025000,1.0,1.5,住宅,W
青梅,114,16644000,1.0,1.5,住宅,W
青梅,198,11682000,1.0,2.0,住宅,W
青梅,109,71504000,1.0,2.0,住宅,W
青梅,99,17226000,1.0,2.0,店舗兼住宅,S
青梅,169,29744000,1.0,2.0,店舗兼住宅,S
